Workbook

Sheet genus.filtered
A1: # These are results for correlating ASVs and metabolites across all samples, all times | N1: label | O1: ='[1]rclr.padj_cutoff'!B5 -> all
N2: ='[1]rclr.padj_cutoff'!L6 -> sig_q01 | O2: =padj_cutoff!B2 -> 5.6493385e-16
N3: ='[1]rclr.padj_cutoff'!L7 -> sig_q025 | O3: =padj_cutoff!C2 -> 1.7682804e-12
N4: ='[1]rclr.padj_cutoff'!L8 -> sig_q05 | O4: =padj_cutoff!D2 -> 2.0329244e-09
N5: ='[1]rclr.padj_cutoff'!L9 -> maybe | O5: =padj_cutoff!E2 -> 2.0137686e-07
A9: asv_id | B9: simpleName | C9: p_value | D9: estimate | E9: padj_bh | F9: grouping | G9: padj_bh_05 | H9: padj_01 | I9: padj_025 | J9: padj_05 | K9: padj_10 | L9: sig | M9: filtered_estimate
A10: pASV_00003 | B10: cysteate | C10: 3.331208e-10 | D10: 0.66170355 | E10: 9.9943959e-09 | F10: all | G10: 9.9943959e-09 | H10: NA | I10: NA | J10: 3.331208e-10 | K10: 3.331208e-10 | L10: sig_q05 | M10: 0.66170355
A11: pASV_00003 | B11: cysteine 2 | C11: 4.2963416e-11 | D11: 0.68537894 | E11: 1.5846279e-09 | F11: all | G11: 1.5846279e-09 | H11: NA | I11: NA | J11: 4.2963416e-11 | K11: 4.2963416e-11 | L11: sig_q05 | M11: 0.68537894
A12: pASV_00003 | B12: pantothenic acid | C12: 1.6110415e-17 | D12: 0.80814889 | E12: 2.0447592e-15 | F12: all | G12: 2.0447592e-15 | H12: 1.6110415e-17 | I12: 1.6110415e-17 | J12: 1.6110415e-17 | K12: 1.6110415e-17 | L12: sig_q01 | M12: 0.80814889
A13: pASV_00003 | B13: taurine | C13: 3.9696001e-11 | D13: 0.68625084 | E13: 1.4703989e-09 | F13: all | G13: 1.4703989e-09 | H13: NA | I13: NA | J13: 3.9696001e-11 | K13: 3.9696001e-11 | L13: sig_q05 | M13: 0.68625084
A14: pASV_00003 | B14: uridine | C14: 3.6515195e-09 | D14: 0.63105298 | E14: 8.7299302e-08 | F14: all | G14: 8.7299302e-08 | H14: NA | I14: NA | J14: NA | K14: 3.6515195e-09 | L14: maybe | M14: 0.63105298
A15: pASV_00004 | B15: cysteine 2 | C15: 6.2221234e-08 | D15: 0.5898055 | E15: 1.0529622e-06 | F15: all | G15: 1.0529622e-06 | H15: NA | I15: NA | J15: NA | K15: 6.2221234e-08 | L15: maybe | M15: 0.5898055
A16: pASV_00004 | B16: pantothenic acid | C16: 6.8543899e-13 | D16: 0.72726358 | E16: 3.808452e-11 | F16: all | G16: 3.808452e-11 | H16: NA | I16: 6.8543899e-13 | J16: 6.8543899e-13 | K16: 6.8543899e-13 | L16: sig_q025 | M16: 0.72726358
A17: pASV_00004 | B17: taurine | C17: 3.2833902e-08 | D17: 0.59963112 | E17: 6.1160819e-07 | F17: all | G17: 6.1160819e-07 | H17: NA | I17: NA | J17: NA | K17: 3.2833902e-08 | L17: maybe | M17: 0.59963112
A18: pASV_00006 | B18: cysteate | C18: 4.9068714e-10 | D18: 0.65697518 | E18: 1.4291194e-08 | F18: all | G18: 1.4291194e-08 | H18: NA | I18: NA | J18: 4.9068714e-10 | K18: 4.9068714e-10 | L18: sig_q05 | M18: 0.65697518
A19: pASV_00006 | B19: cysteine 2 | C19: 2.2571184e-11 | D19: 0.69238766 | E19: 8.8279922e-10 | F19: all | G19: 8.8279922e-10 | H19: NA | I19: NA | J19: 2.2571184e-11 | K19: 2.2571184e-11 | L19: sig_q05 | M19: 0.69238766
A20: pASV_00006 | B20: pantothenic acid | C20: 8.1482438e-18 | D20: 0.81230718 | E20: 1.0392824e-15 | F20: all | G20: 1.0392824e-15 | H20: 8.1482438e-18 | I20: 8.1482438e-18 | J20: 8.1482438e-18 | K20: 8.1482438e-18 | L20: sig_q01 | M20: 0.81230718
A21: pASV_00006 | B21: taurine | C21: 2.0548499e-11 | D21: 0.6933937 | E21: 8.1726841e-10 | F21: all | G21: 8.1726841e-10 | H21: NA | I21: NA | J21: 2.0548499e-11 | K21: 2.0548499e-11 | L21: sig_q05 | M21: 0.6933937
A22: pASV_00006 | B22: uridine | C22: 3.6424883e-09 | D22: 0.63108652 | E22: 8.716387e-08 | F22: all | G22: 8.716387e-08 | H22: NA | I22: NA | J22: NA | K22: 3.6424883e-09 | L22: maybe | M22: 0.63108652
A23: pASV_00007 | B23: 5'UMP | C23: 9.3129508e-08 | D23: -0.58343394 | E23: 1.4779069e-06 | F23: all | G23: 1.4779069e-06 | H23: NA | I23: NA | J23: NA | K23: 9.3129508e-08 | L23: maybe | M23: -0.58343394
A24: pASV_00007 | B24: cysteate | C24: 7.0179804e-15 | D24: -0.76609658 | E24: 7.0158127e-13 | F24: all | G24: 7.0158127e-13 | H24: NA | I24: 7.0179804e-15 | J24: 7.0179804e-15 | K24: 7.0179804e-15 | L24: sig_q025 | M24: -0.76609658
A25: pASV_00007 | B25: cysteine 2 | C25: 3.0762952e-13 | D25: -0.73457411 | E25: 1.9193117e-11 | F25: all | G25: 1.9193117e-11 | H25: NA | I25: 3.0762952e-13 | J25: 3.0762952e-13 | K25: 3.0762952e-13 | L25: sig_q025 | M25: -0.73457411
A26: pASV_00007 | B26: pantothenic acid | C26: 9.1600054e-21 | D26: -0.84869215 | E26: 1.4731109e-18 | F26: all | G26: 1.4731109e-18 | H26: 9.1600054e-21 | I26: 9.1600054e-21 | J26: 9.1600054e-21 | K26: 9.1600054e-21 | L26: sig_q01 | M26: -0.84869215
A27: pASV_00007 | B27: sn-glycerol 3-phosphate | C27: 9.3152445e-09 | D27: -0.61807512 | E27: 2.0405272e-07 | F27: all | G27: 2.0405272e-07 | H27: NA | I27: NA | J27: NA | K27: 9.3152445e-09 | L27: maybe | M27: -0.61807512
A28: pASV_00007 | B28: taurine | C28: 1.149283e-11 | D28: -0.69953052 | E28: 4.8464551e-10 | F28: all | G28: 4.8464551e-10 | H28: NA | I28: NA | J28: 1.149283e-11 | K28: 1.149283e-11 | L28: sig_q05 | M28: -0.69953052
A29: pASV_00007 | B29: uridine | C29: 7.2654581e-11 | D29: -0.6795104 | E29: 2.5250636e-09 | F29: all | G29: 2.5250636e-09 | H29: NA | I29: NA | J29: 7.2654581e-11 | K29: 7.2654581e-11 | L29: sig_q05 | M29: -0.6795104
A30: pASV_00008 | B30: cysteate | C30: 2.1344212e-08 | D30: -0.60606975 | E30: 4.2543828e-07 | F30: all | G30: 4.2543828e-07 | H30: NA | I30: NA | J30: NA | K30: 2.1344212e-08 | L30: maybe | M30: -0.60606975
A31: pASV_00008 | B31: pantothenic acid | C31: 1.7128577e-07 | D31: -0.57354125 | E31: 2.4693381e-06 | F31: all | G31: 2.4693381e-06 | H31: NA | I31: NA | J31: NA | K31: 1.7128577e-07 | L31: maybe | M31: -0.57354125
A32: pASV_00009 | B32: cysteate | C32: 3.845762e-10 | D32: 0.65995976 | E32: 1.1366949e-08 | F32: all | G32: 1.1366949e-08 | H32: NA | I32: NA | J32: 3.845762e-10 | K32: 3.845762e-10 | L32: sig_q05 | M32: 0.65995976
A33: pASV_00009 | B33: cysteine 2 | C33: 2.7456495e-11 | D33: 0.69027498 | E33: 1.0500791e-09 | F33: all | G33: 1.0500791e-09 | H33: NA | I33: NA | J33: 2.7456495e-11 | K33: 2.7456495e-11 | L33: sig_q05 | M33: 0.69027498
A34: pASV_00009 | B34: pantothenic acid | C34: 7.1671469e-18 | D34: 0.81307847 | E34: 9.1867211e-16 | F34: all | G34: 9.1867211e-16 | H34: 7.1671469e-18 | I34: 7.1671469e-18 | J34: 7.1671469e-18 | K34: 7.1671469e-18 | L34: sig_q01 | M34: 0.81307847
A35: pASV_00009 | B35: taurine | C35: 2.9938668e-11 | D35: 0.68933602 | E35: 1.1366158e-09 | F35: all | G35: 1.1366158e-09 | H35: NA | I35: NA | J35: 2.9938668e-11 | K35: 2.9938668e-11 | L35: sig_q05 | M35: 0.68933602
A36: pASV_00009 | B36: uridine | C36: 3.2573801e-09 | D36: 0.63259557 | E36: 7.882251e-08 | F36: all | G36: 7.882251e-08 | H36: NA | I36: NA | J36: NA | K36: 3.2573801e-09 | L36: maybe | M36: 0.63259557
A37: pASV_00013 | B37: cysteate | C37: 7.8668059e-08 | D37: -0.5861167 | E37: 1.2826659e-06 | F37: all | G37: 1.2826659e-06 | H37: NA | I37: NA | J37: NA | K37: 7.8668059e-08 | L37: maybe | M37: -0.5861167
A38: pASV_00015 | B38: cysteate | C38: 1.1729177e-08 | D38: -0.61478873 | E38: 2.5036426e-07 | F38: all | G38: 2.5036426e-07 | H38: NA | I38: NA | J38: NA | K38: 1.1729177e-08 | L38: maybe | M38: -0.61478873
A39: pASV_00018 | B39: cysteate | C39: 1.2862211e-09 | D39: -0.64483568 | E39: 3.4654356e-08 | F39: all | G39: 3.4654356e-08 | H39: NA | I39: NA | J39: 1.2862211e-09 | K39: 1.2862211e-09 | L39: sig_q05 | M39: -0.64483568
A40: pASV_00018 | B40: cysteine 2 | C40: 3.6998845e-08 | D40: -0.59782025 | E40: 6.7558116e-07 | F40: all | G40: 6.7558116e-07 | H40: NA | I40: NA | J40: NA | K40: 3.6998845e-08 | L40: maybe | M40: -0.59782025
A41: pASV_00018 | B41: pantothenic acid | C41: 4.86695e-10 | D41: -0.65707579 | E41: 1.4206885e-08 | F41: all | G41: 1.4206885e-08 | H41: NA | I41: NA | J41: 4.86695e-10 | K41: 4.86695e-10 | L41: sig_q05 | M41: -0.65707579
A42: pASV_00019 | B42: pantothenic acid | C42: 5.9854935e-09 | D42: 0.62427901 | E42: 1.3726873e-07 | F42: all | G42: 1.3726873e-07 | H42: NA | I42: NA | J42: NA | K42: 5.9854935e-09 | L42: maybe | M42: 0.62427901
A43: pASV_00031 | B43: cysteate | C43: 1.1233202e-12 | D43: -0.72263581 | E43: 5.8286588e-11 | F43: all | G43: 5.8286588e-11 | H43: NA | I43: 1.1233202e-12 | J43: 1.1233202e-12 | K43: 1.1233202e-12 | L43: sig_q025 | M43: -0.72263581
A44: pASV_00031 | B44: cysteine 2 | C44: 6.825908e-11 | D44: -0.68021462 | E44: 2.3980517e-09 | F44: all | G44: 2.3980517e-09 | H44: NA | I44: NA | J44: 6.825908e-11 | K44: 6.825908e-11 | L44: sig_q05 | M44: -0.68021462
A45: pASV_00031 | B45: pantothenic acid | C45: 1.1374622e-16 | D45: -0.79564051 | E45: 1.376223e-14 | F45: all | G45: 1.376223e-14 | H45: 1.1374622e-16 | I45: 1.1374622e-16 | J45: 1.1374622e-16 | K45: 1.1374622e-16 | L45: sig_q01 | M45: -0.79564051
A46: pASV_00031 | B46: taurine | C46: 2.4230135e-09 | D46: -0.63655265 | E46: 6.1027885e-08 | F46: all | G46: 6.1027885e-08 | H46: NA | I46: NA | J46: NA | K46: 2.4230135e-09 | L46: maybe | M46: -0.63655265
A47: pASV_00031 | B47: uridine | C47: 3.9228881e-09 | D47: -0.63008048 | E47: 9.2421674e-08 | F47: all | G47: 9.2421674e-08 | H47: NA | I47: NA | J47: NA | K47: 3.9228881e-09 | L47: maybe | M47: -0.63008048
A48: pASV_00045 | B48: 5'UMP | C48: 6.1161907e-08 | D48: 0.59007378 | E48: 1.0363901e-06 | F48: all | G48: 1.0363901e-06 | H48: NA | I48: NA | J48: NA | K48: 6.1161907e-08 | L48: maybe | M48: 0.59007378
A49: pASV_00045 | B49: cysteate | C49: 1.0135047e-11 | D49: 0.70083836 | E49: 4.3231736e-10 | F49: all | G49: 4.3231736e-10 | H49: NA | I49: NA | J49: 1.0135047e-11 | K49: 1.0135047e-11 | L49: sig_q05 | M49: 0.70083836
A50: pASV_00045 | B50: cysteine 2 | C50: 2.1524686e-12 | D50: 0.71639839 | E50: 1.0595384e-10 | F50: all | G50: 1.0595384e-10 | H50: NA | I50: NA | J50: 2.1524686e-12 | K50: 2.1524686e-12 | L50: sig_q05 | M50: 0.71639839
A51: pASV_00045 | B51: pantothenic acid | C51: 6.9349246e-20 | D51: 0.83873239 | E51: 1.0260518e-17 | F51: all | G51: 1.0260518e-17 | H51: 6.9349246e-20 | I51: 6.9349246e-20 | J51: 6.9349246e-20 | K51: 6.9349246e-20 | L51: sig_q01 | M51: 0.83873239
A52: pASV_00045 | B52: taurine | C52: 2.6181177e-12 | D52: 0.71448692 | E52: 1.2694439e-10 | F52: all | G52: 1.2694439e-10 | H52: NA | I52: NA | J52: 2.6181177e-12 | K52: 2.6181177e-12 | L52: sig_q05 | M52: 0.71448692
A53: pASV_00045 | B53: uridine | C53: 2.7491e-10 | D53: 0.66401744 | E53: 8.3544245e-09 | F53: all | G53: 8.3544245e-09 | H53: NA | I53: NA | J53: 2.7491e-10 | K53: 2.7491e-10 | L53: sig_q05 | M53: 0.66401744
A54: pASV_00059 | B54: pantothenic acid | C54: 1.8948042e-10 | D54: 0.668444 | E54: 5.9829598e-09 | F54: all | G54: 5.9829598e-09 | H54: NA | I54: NA | J54: 1.8948042e-10 | K54: 1.8948042e-10 | L54: sig_q05 | M54: 0.668444
A55: pASV_00066 | B55: cysteate | C55: 3.4921714e-09 | D55: 0.63165661 | E55: 8.403281e-08 | F55: all | G55: 8.403281e-08 | H55: NA | I55: NA | J55: NA | K55: 3.4921714e-09 | L55: maybe | M55: 0.63165661
A56: pASV_00066 | B56: cysteine 2 | C56: 4.2688412e-10 | D56: 0.65868545 | E56: 1.2545839e-08 | F56: all | G56: 1.2545839e-08 | H56: NA | I56: NA | J56: 4.2688412e-10 | K56: 4.2688412e-10 | L56: sig_q05 | M56: 0.65868545
A57: pASV_00066 | B57: pantothenic acid | C57: 4.837033e-16 | D57: 0.78578135 | E57: 5.666989e-14 | F57: all | G57: 5.666989e-14 | H57: 4.837033e-16 | I57: 4.837033e-16 | J57: 4.837033e-16 | K57: 4.837033e-16 | L57: sig_q01 | M57: 0.78578135
A58: pASV_00066 | B58: taurine | C58: 3.7931678e-10 | D58: 0.66012743 | E58: 1.1237151e-08 | F58: all | G58: 1.1237151e-08 | H58: NA | I58: NA | J58: 3.7931678e-10 | K58: 3.7931678e-10 | L58: sig_q05 | M58: 0.66012743
A59: pASV_00066 | B59: uridine | C59: 2.5800068e-08 | D59: 0.60325285 | E59: 4.992641e-07 | F59: all | G59: 4.992641e-07 | H59: NA | I59: NA | J59: NA | K59: 2.5800068e-08 | L59: maybe | M59: 0.60325285
A60: pASV_00072 | B60: 5'UMP | C60: 5.8210677e-08 | D60: -0.59084507 | E60: 9.9287934e-07 | F60: all | G60: 9.9287934e-07 | H60: NA | I60: NA | J60: NA | K60: 5.8210677e-08 | L60: maybe | M60: -0.59084507
A61: pASV_00072 | B61: cysteate | C61: 3.4020311e-13 | D61: -0.73366868 | E61: 2.0972712e-11 | F61: all | G61: 2.0972712e-11 | H61: NA | I61: 3.4020311e-13 | J61: 3.4020311e-13 | K61: 3.4020311e-13 | L61: sig_q025 | M61: -0.73366868
A62: pASV_00072 | B62: cysteine 2 | C62: 8.3688246e-12 | D62: -0.7028169 | E62: 3.6114268e-10 | F62: all | G62: 3.6114268e-10 | H62: NA | I62: NA | J62: 8.3688246e-12 | K62: 8.3688246e-12 | L62: sig_q05 | M62: -0.7028169
A63: pASV_00072 | B63: pantothenic acid | C63: 1.3126254e-19 | D63: -0.83544601 | E63: 1.8571857e-17 | F63: all | G63: 1.8571857e-17 | H63: 1.3126254e-19 | I63: 1.3126254e-19 | J63: 1.3126254e-19 | K63: 1.3126254e-19 | L63: sig_q01 | M63: -0.83544601
A64: pASV_00072 | B64: taurine | C64: 8.7781423e-11 | D64: -0.67736419 | E64: 2.978816e-09 | F64: all | G64: 2.978816e-09 | H64: NA | I64: NA | J64: 8.7781423e-11 | K64: 8.7781423e-11 | L64: sig_q05 | M64: -0.67736419
A65: pASV_00072 | B65: uridine | C65: 1.4834719e-09 | D65: -0.64299128 | E65: 3.9314284e-08 | F65: all | G65: 3.9314284e-08 | H65: NA | I65: NA | J65: 1.4834719e-09 | K65: 1.4834719e-09 | L65: sig_q05 | M65: -0.64299128
A66: pASV_00080 | B66: arginine | C66: 7.1040562e-08 | D66: -0.58772636 | E66: 1.1821223e-06 | F66: all | G66: 1.1821223e-06 | H66: NA | I66: NA | J66: NA | K66: 7.1040562e-08 | L66: maybe | M66: -0.58772636
A67: pASV_00080 | B67: ciliatine | C67: 5.9221547e-08 | D67: -0.59057679 | E67: 1.0068052e-06 | F67: all | G67: 1.0068052e-06 | H67: NA | I67: NA | J67: NA | K67: 5.9221547e-08 | L67: maybe | M67: -0.59057679
A68: pASV_00094 | B68: 5'UMP | C68: 9.3717956e-08 | D68: 0.58333333 | E68: 1.4832184e-06 | F68: all | G68: 1.4832184e-06 | H68: NA | I68: NA | J68: NA | K68: 9.3717956e-08 | L68: maybe | M68: 0.58333333
A69: pASV_00094 | B69: cysteate | C69: 5.0590328e-11 | D69: 0.68356808 | E69: 1.8320067e-09 | F69: all | G69: 1.8320067e-09 | H69: NA | I69: NA | J69: 5.0590328e-11 | K69: 5.0590328e-11 | L69: sig_q05 | M69: 0.68356808
A70: pASV_00094 | B70: cysteine 2 | C70: 4.0139555e-12 | D70: 0.71026157 | E70: 1.8827778e-10 | F70: all | G70: 1.8827778e-10 | H70: NA | I70: NA | J70: 4.0139555e-12 | K70: 4.0139555e-12 | L70: sig_q05 | M70: 0.71026157
A71: pASV_00094 | B71: pantothenic acid | C71: 2.7267739e-19 | D71: 0.83158954 | E71: 3.7554058e-17 | F71: all | G71: 3.7554058e-17 | H71: 2.7267739e-19 | I71: 2.7267739e-19 | J71: 2.7267739e-19 | K71: 2.7267739e-19 | L71: sig_q01 | M71: 0.83158954
A72: pASV_00094 | B72: taurine | C72: 4.8904032e-12 | D72: 0.70828303 | E72: 2.2450766e-10 | F72: all | G72: 2.2450766e-10 | H72: NA | I72: NA | J72: 4.8904032e-12 | K72: 4.8904032e-12 | L72: sig_q05 | M72: 0.70828303
A73: pASV_00094 | B73: uridine | C73: 8.9770716e-10 | D73: 0.64942991 | E73: 2.5155231e-08 | F73: all | G73: 2.5155231e-08 | H73: NA | I73: NA | J73: 8.9770716e-10 | K73: 8.9770716e-10 | L73: sig_q05 | M73: 0.64942991
A74: pASV_00096 | B74: arginine | C74: 1.2338898e-07 | D74: -0.57890677 | E74: 1.8704844e-06 | F74: all | G74: 1.8704844e-06 | H74: NA | I74: NA | J74: NA | K74: 1.2338898e-07 | L74: maybe | M74: -0.57890677
A75: pASV_00096 | B75: cysteate | C75: 7.4886489e-15 | D75: -0.76559356 | E75: 7.3724752e-13 | F75: all | G75: 7.3724752e-13 | H75: NA | I75: 7.4886489e-15 | J75: 7.4886489e-15 | K75: 7.4886489e-15 | L75: sig_q025 | M75: -0.76559356
A76: pASV_00096 | B76: cysteine 2 | C76: 4.9035033e-13 | D76: -0.73034876 | E76: 2.8403022e-11 | F76: all | G76: 2.8403022e-11 | H76: NA | I76: 4.9035033e-13 | J76: 4.9035033e-13 | K76: 4.9035033e-13 | L76: sig_q025 | M76: -0.73034876
A77: pASV_00096 | B77: pantothenic acid | C77: 1.04684e-19 | D77: -0.83661972 | E77: 1.5142337e-17 | F77: all | G77: 1.5142337e-17 | H77: 1.04684e-19 | I77: 1.04684e-19 | J77: 1.04684e-19 | K77: 1.04684e-19 | L77: sig_q01 | M77: -0.83661972
A78: pASV_00096 | B78: sarcosine | C78: 9.1963086e-08 | D78: -0.58363514 | E78: 1.4625972e-06 | F78: all | G78: 1.4625972e-06 | H78: NA | I78: NA | J78: NA | K78: 9.1963086e-08 | L78: maybe | M78: -0.58363514
A79: pASV_00096 | B79: sn-glycerol 3-phosphate | C79: 1.7093351e-09 | D79: -0.64114688 | E79: 4.4660045e-08 | F79: all | G79: 4.4660045e-08 | H79: NA | I79: NA | J79: 1.7093351e-09 | K79: 1.7093351e-09 | L79: sig_q05 | M79: -0.64114688
A80: pASV_00096 | B80: taurine | C80: 1.249297e-11 | D80: -0.69865862 | E80: 5.2341097e-10 | F80: all | G80: 5.2341097e-10 | H80: NA | I80: NA | J80: 1.249297e-11 | K80: 1.249297e-11 | L80: sig_q05 | M80: -0.69865862
A81: pASV_00096 | B81: uridine | C81: 1.5514506e-10 | D81: -0.67079142 | E81: 5.008748e-09 | F81: all | G81: 5.008748e-09 | H81: NA | I81: NA | J81: 1.5514506e-10 | K81: 1.5514506e-10 | L81: sig_q05 | M81: -0.67079142
A82: pASV_00097 | B82: 5'UMP | C82: 6.0249029e-08 | D82: 0.59030852 | E82: 1.0222594e-06 | F82: all | G82: 1.0222594e-06 | H82: NA | I82: NA | J82: NA | K82: 6.0249029e-08 | L82: maybe | M82: 0.59030852
A83: pASV_00097 | B83: cysteate | C83: 5.7169661e-12 | D83: 0.70670691 | E83: 2.5521325e-10 | F83: all | G83: 2.5521325e-10 | H83: NA | I83: NA | J83: 5.7169661e-12 | K83: 5.7169661e-12 | L83: sig_q05 | M83: 0.70670691
A84: pASV_00097 | B84: cysteine 2 | C84: 3.59159e-12 | D84: 0.71136821 | E84: 1.700063e-10 | F84: all | G84: 1.700063e-10 | H84: NA | I84: NA | J84: 3.59159e-12 | K84: 3.59159e-12 | L84: sig_q05 | M84: 0.71136821
A85: pASV_00097 | B85: pantothenic acid | C85: 4.1864727e-20 | D85: 0.84128102 | E85: 6.3762442e-18 | F85: all | G85: 6.3762442e-18 | H85: 4.1864727e-20 | I85: 4.1864727e-20 | J85: 4.1864727e-20 | K85: 4.1864727e-20 | L85: sig_q01 | M85: 0.84128102
A86: pASV_00097 | B86: taurine | C86: 5.4216025e-12 | D86: 0.70724346 | E86: 2.4370856e-10 | F86: all | G86: 2.4370856e-10 | H86: NA | I86: NA | J86: 5.4216025e-12 | K86: 5.4216025e-12 | L86: sig_q05 | M86: 0.70724346
A87: pASV_00097 | B87: uridine | C87: 3.6900312e-10 | D87: 0.66046278 | E87: 1.0969264e-08 | F87: all | G87: 1.0969264e-08 | H87: NA | I87: NA | J87: 3.6900312e-10 | K87: 3.6900312e-10 | L87: sig_q05 | M87: 0.66046278
A88: pASV_00103 | B88: arginine | C88: 9.0619735e-08 | D88: -0.58386989 | E88: 1.4456723e-06 | F88: all | G88: 1.4456723e-06 | H88: NA | I88: NA | J88: NA | K88: 9.0619735e-08 | L88: maybe | M88: -0.58386989
A89: pASV_00103 | B89: cysteate | C89: 6.3454809e-10 | D89: -0.6537894 | E89: 1.8295901e-08 | F89: all | G89: 1.8295901e-08 | H89: NA | I89: NA | J89: 6.3454809e-10 | K89: 6.3454809e-10 | L89: sig_q05 | M89: -0.6537894
A90: pASV_00103 | B90: cysteine 2 | C90: 2.5340388e-08 | D90: -0.60352113 | E90: 4.9110278e-07 | F90: all | G90: 4.9110278e-07 | H90: NA | I90: NA | J90: NA | K90: 2.5340388e-08 | L90: maybe | M90: -0.60352113
A91: pASV_00103 | B91: pantothenic acid | C91: 1.211909e-08 | D91: -0.61431925 | E91: 2.567819e-07 | F91: all | G91: 2.567819e-07 | H91: NA | I91: NA | J91: NA | K91: 1.211909e-08 | L91: maybe | M91: -0.61431925
A92: pASV_00103 | B92: sn-glycerol 3-phosphate | C92: 1.8840126e-07 | D92: -0.57196512 | E92: 2.6906152e-06 | F92: all | G92: 2.6906152e-06 | H92: NA | I92: NA | J92: NA | K92: 1.8840126e-07 | L92: maybe | M92: -0.57196512
A93: pASV_00103 | B93: taurine | C93: 1.4020907e-07 | D93: -0.57682763 | E93: 2.0815902e-06 | F93: all | G93: 2.0815902e-06 | H93: NA | I93: NA | J93: NA | K93: 1.4020907e-07 | L93: maybe | M93: -0.57682763
A94: pASV_00103 | B94: uridine | C94: 6.8511248e-08 | D94: -0.58829645 | E94: 1.1459259e-06 | F94: all | G94: 1.1459259e-06 | H94: NA | I94: NA | J94: NA | K94: 6.8511248e-08 | L94: maybe | M94: -0.58829645
A95: pASV_00125 | B95: 5'UMP | C95: 1.5469643e-07 | D95: -0.57521797 | E95: 2.2578353e-06 | F95: all | G95: 2.2578353e-06 | H95: NA | I95: NA | J95: NA | K95: 1.5469643e-07 | L95: maybe | M95: -0.57521797
A96: pASV_00125 | B96: arginine | C96: 1.2161469e-07 | D96: -0.57914152 | E96: 1.8511743e-06 | F96: all | G96: 1.8511743e-06 | H96: NA | I96: NA | J96: NA | K96: 1.2161469e-07 | L96: maybe | M96: -0.57914152
A97: pASV_00125 | B97: cysteate | C97: 3.6991001e-15 | D97: -0.77099262 | E97: 4.0412278e-13 | F97: all | G97: 4.0412278e-13 | H97: NA | I97: 3.6991001e-15 | J97: 3.6991001e-15 | K97: 3.6991001e-15 | L97: sig_q025 | M97: -0.77099262
A98: pASV_00125 | B98: cysteine 2 | C98: 3.5308752e-13 | D98: -0.73333333 | E98: 2.1612629e-11 | F98: all | G98: 2.1612629e-11 | H98: NA | I98: 3.5308752e-13 | J98: 3.5308752e-13 | K98: 3.5308752e-13 | L98: sig_q025 | M98: -0.73333333
A99: pASV_00125 | B99: pantothenic acid | C99: 8.9547272e-20 | D99: -0.83742455 | E99: 1.3025607e-17 | F99: all | G99: 1.3025607e-17 | H99: 8.9547272e-20 | I99: 8.9547272e-20 | J99: 8.9547272e-20 | K99: 8.9547272e-20 | L99: sig_q01 | M99: -0.83742455
A100: pASV_00125 | B100: sarcosine | C100: 7.3034135e-08 | D100: -0.58729041 | E100: 1.2106273e-06 | F100: all | G100: 1.2106273e-06 | H100: NA | I100: NA | J100: NA | K100: 7.3034135e-08 | L100: maybe | M100: -0.58729041
A101: pASV_00125 | B101: sn-glycerol 3-phosphate | C101: 1.3797055e-09 | D101: -0.64393025 | E101: 3.6866186e-08 | F101: all | G101: 3.6866186e-08 | H101: NA | I101: NA | J101: 1.3797055e-09 | K101: 1.3797055e-09 | L101: sig_q05 | M101: -0.64393025
A102: pASV_00125 | B102: taurine | C102: 6.333671e-12 | D102: -0.70566734 | E102: 2.7842344e-10 | F102: all | G102: 2.7842344e-10 | H102: NA | I102: NA | J102: 6.333671e-12 | K102: 6.333671e-12 | L102: sig_q05 | M102: -0.70566734
A103: pASV_00125 | B103: uridine | C103: 7.9876467e-11 | D103: -0.67843729 | E103: 2.7429197e-09 | F103: all | G103: 2.7429197e-09 | H103: NA | I103: NA | J103: 7.9876467e-11 | K103: 7.9876467e-11 | L103: sig_q05 | M103: -0.67843729
...

Sheet genus.site.filtered
A1: # These are results for correlating ASVs and metabolites across all times, site-specific. | Q1: ='[1]rclr.padj_cutoff'!C5 -> LB_seagrass | R1: ='[1]rclr.padj_cutoff'!D5 -> Tektite | S1: ='[1]rclr.padj_cutoff'!E5 -> Yawzi
P2: ='[1]rclr.padj_cutoff'!L6 -> sig_q01 | Q2: =padj_cutoff!B3 -> 0 | R2: =padj_cutoff!B4 -> 0.00096589396 | S2: =padj_cutoff!B5 -> 0.00020070451
P3: ='[1]rclr.padj_cutoff'!L7 -> sig_q025 | Q3: =padj_cutoff!C3 -> 2.9407095e-05 | R3: =padj_cutoff!C4 -> 0.0038469109 | S3: =padj_cutoff!C5 -> 0.0007932035
P4: ='[1]rclr.padj_cutoff'!L8 -> sig_q05 | Q4: =padj_cutoff!D3 -> 0.00030106828 | R4: =padj_cutoff!E4 -> 0.02252824 | S4: =padj_cutoff!E5 -> 0.0098397506
P5: ='[1]rclr.padj_cutoff'!L9 -> maybe | Q5: =padj_cutoff!E3 -> 0.0022248796 | R5: =padj_cutoff!E4 -> 0.02252824 | S5: =padj_cutoff!E5 -> 0.0098397506
A9: grouping | B9: asv_id | C9: simpleName | D9: p_value | E9: estimate | F9: padj_bh | G9: padj_bh_05 | H9: padj_01 | I9: padj_025 | J9: padj_05 | K9: padj_10 | L9: sig | M9: site | N9: sampling_time | O9: filtered_estimate
A10: LB_seagrass | B10: pASV_00001 | C10: ciliatine | D10: 0.00099793322 | E10: -0.64031621 | F10: 0.048566955 | G10: 0.048566955 | H10: NA | I10: NA | J10: NA | K10: 0.00099793322 | L10: maybe | M10: LB_seagrass | N10: NA | O10: -0.64031621
A11: LB_seagrass | B11: pASV_00028 | C11: homoserine betaine | D11: 0.00038046768 | E11: -0.79642857 | F11: 0.0295637 | G11: 0.0295637 | H11: NA | I11: NA | J11: NA | K11: 0.00038046768 | L11: maybe | M11: LB_seagrass | N11: NA | O11: -0.79642857
A12: LB_seagrass | B12: pASV_00028 | C12: sn-glycerol 3-phosphate | D12: 0.0020110969 | E12: 0.60968379 | F12: 0.071841225 | G12: NA | H12: NA | I12: NA | J12: NA | K12: 0.0020110969 | L12: maybe | M12: LB_seagrass | N12: NA | O12: 0.60968379
A13: LB_seagrass | B13: pASV_00038 | C13: kynurenine | D13: 0.0010049095 | E13: 0.65217391 | F13: 0.048677725 | G13: 0.048677725 | H13: NA | I13: NA | J13: NA | K13: 0.0010049095 | L13: maybe | M13: LB_seagrass | N13: NA | O13: 0.65217391
A14: LB_seagrass | B14: pASV_00038 | C14: pantothenic acid | D14: 0.00013663385 | E14: 0.71245059 | F14: 0.017547729 | G14: 0.017547729 | H14: NA | I14: NA | J14: 0.00013663385 | K14: 0.00013663385 | L14: sig_q05 | M14: LB_seagrass | N14: NA | O14: 0.71245059
A15: LB_seagrass | B15: pASV_00045 | C15: pantothenic acid | D15: 9.307933e-05 | E15: 0.7243083 | F15: 0.014202576 | G15: 0.014202576 | H15: NA | I15: NA | J15: 9.307933e-05 | K15: 9.307933e-05 | L15: sig_q05 | M15: LB_seagrass | N15: NA | O15: 0.7243083
A16: LB_seagrass | B16: pASV_00058 | C16: kynurenine | D16: 0.0021621583 | E16: 0.61829475 | F16: 0.073951825 | G16: NA | H16: NA | I16: NA | J16: NA | K16: 0.0021621583 | L16: maybe | M16: LB_seagrass | N16: NA | O16: 0.61829475
A17: LB_seagrass | B17: pASV_00058 | C17: pantothenic acid | D17: 6.6474103e-08 | E17: 0.87055336 | F17: 2.1959069e-05 | G17: 2.1959069e-05 | H17: NA | I17: 6.6474103e-08 | J17: 6.6474103e-08 | K17: 6.6474103e-08 | L17: sig_q025 | M17: LB_seagrass | N17: NA | O17: 0.87055336
A18: LB_seagrass | B18: pASV_00060 | C18: ciliatine | D18: 0.00070925869 | E18: 0.6541502 | F18: 0.041321411 | G18: 0.041321411 | H18: NA | I18: NA | J18: NA | K18: 0.00070925869 | L18: maybe | M18: LB_seagrass | N18: NA | O18: 0.6541502
A19: LB_seagrass | B19: pASV_00060 | C19: kynurenine | D19: 0.00018196803 | E19: 0.71541502 | F19: 0.020316382 | G19: 0.020316382 | H19: NA | I19: NA | J19: 0.00018196803 | K19: 0.00018196803 | L19: sig_q05 | M19: LB_seagrass | N19: NA | O19: 0.71541502
A20: LB_seagrass | B20: pASV_00060 | C20: pantothenic acid | D20: 1.414903e-06 | E20: 0.82312253 | F20: 0.00040121892 | G20: 0.00040121892 | H20: NA | I20: 1.414903e-06 | J20: 1.414903e-06 | K20: 1.414903e-06 | L20: sig_q025 | M20: LB_seagrass | N20: NA | O20: 0.82312253
A21: LB_seagrass | B21: pASV_00092 | C21: homoserine betaine | D21: 0.00082932963 | E21: -0.76785714 | F21: 0.044775416 | G21: 0.044775416 | H21: NA | I21: NA | J21: NA | K21: 0.00082932963 | L21: maybe | M21: LB_seagrass | N21: NA | O21: -0.76785714
A22: LB_seagrass | B22: pASV_00094 | C22: pantothenic acid | D22: 0.00042246285 | E22: 0.67391304 | F22: 0.031628451 | G22: 0.031628451 | H22: NA | I22: NA | J22: NA | K22: 0.00042246285 | L22: maybe | M22: LB_seagrass | N22: NA | O22: 0.67391304
A23: LB_seagrass | B23: pASV_00097 | C23: kynurenine | D23: 0.00053896391 | E23: 0.67701863 | F23: 0.035535022 | G23: 0.035535022 | H23: NA | I23: NA | J23: NA | K23: 0.00053896391 | L23: maybe | M23: LB_seagrass | N23: NA | O23: 0.67701863
A24: LB_seagrass | B24: pASV_00097 | C24: pantothenic acid | D24: 3.9181621e-05 | E24: 0.74901186 | F24: 0.0076788788 | G24: 0.0076788788 | H24: NA | I24: NA | J24: 3.9181621e-05 | K24: 3.9181621e-05 | L24: sig_q05 | M24: LB_seagrass | N24: NA | O24: 0.74901186
A25: LB_seagrass | B25: pASV_00105 | C25: kynurenine | D25: 0.00047824465 | E25: 0.68153586 | F25: 0.032831237 | G25: 0.032831237 | H25: NA | I25: NA | J25: NA | K25: 0.00047824465 | L25: maybe | M25: LB_seagrass | N25: NA | O25: 0.68153586
A26: LB_seagrass | B26: pASV_00105 | C26: pantothenic acid | D26: 4.5290212e-05 | E26: 0.74505929 | F26: 0.0085618541 | G26: 0.0085618541 | H26: NA | I26: NA | J26: 4.5290212e-05 | K26: 4.5290212e-05 | L26: sig_q05 | M26: LB_seagrass | N26: NA | O26: 0.74505929
A27: LB_seagrass | B27: pASV_00111 | C27: ciliatine | D27: 0.00090669909 | E27: 0.64426877 | F27: 0.046368322 | G27: 0.046368322 | H27: NA | I27: NA | J27: NA | K27: 0.00090669909 | L27: maybe | M27: LB_seagrass | N27: NA | O27: 0.64426877
A28: LB_seagrass | B28: pASV_00111 | C28: kynurenine | D28: 0.00037421882 | E28: 0.6905703 | F28: 0.0295637 | G28: 0.0295637 | H28: NA | I28: NA | J28: NA | K28: 0.00037421882 | L28: maybe | M28: LB_seagrass | N28: NA | O28: 0.6905703
A29: LB_seagrass | B29: pASV_00111 | C29: pantothenic acid | D29: 6.550563e-06 | E29: 0.79249012 | F29: 0.0016462721 | G29: 0.0016462721 | H29: NA | I29: 6.550563e-06 | J29: 6.550563e-06 | K29: 6.550563e-06 | L29: sig_q025 | M29: LB_seagrass | N29: NA | O29: 0.79249012
A30: LB_seagrass | B30: pASV_00124 | C30: kynurenine | D30: 0.0012113881 | E30: 0.64426877 | F30: 0.053911819 | G30: NA | H30: NA | I30: NA | J30: NA | K30: 0.0012113881 | L30: maybe | M30: LB_seagrass | N30: NA | O30: 0.64426877
A31: LB_seagrass | B31: pASV_00131 | C31: ciliatine | D31: 0.0012903808 | E31: 0.62944664 | F31: 0.056370379 | G31: NA | H31: NA | I31: NA | J31: NA | K31: 0.0012903808 | L31: maybe | M31: LB_seagrass | N31: NA | O31: 0.62944664
A32: LB_seagrass | B32: pASV_00131 | C32: kynurenine | D32: 0.00060617789 | E32: 0.67250141 | F32: 0.038034668 | G32: 0.038034668 | H32: NA | I32: NA | J32: NA | K32: 0.00060617789 | L32: maybe | M32: LB_seagrass | N32: NA | O32: 0.67250141
A33: LB_seagrass | B33: pASV_00131 | C33: pantothenic acid | D33: 3.0213401e-08 | E33: 0.88043478 | F33: 1.0244741e-05 | G33: 1.0244741e-05 | H33: NA | I33: 3.0213401e-08 | J33: 3.0213401e-08 | K33: 3.0213401e-08 | L33: sig_q025 | M33: LB_seagrass | N33: NA | O33: 0.88043478
A34: LB_seagrass | B34: pASV_00147 | C34: pantothenic acid | D34: 1.667852e-08 | E34: 0.88735178 | F34: 5.7465573e-06 | G34: 5.7465573e-06 | H34: NA | I34: 1.667852e-08 | J34: 1.667852e-08 | K34: 1.667852e-08 | L34: sig_q025 | M34: LB_seagrass | N34: NA | O34: 0.88735178
A35: LB_seagrass | B35: pASV_00164 | C35: kynurenine | D35: 0.0016494006 | E35: 0.63071711 | F35: 0.064218402 | G35: NA | H35: NA | I35: NA | J35: NA | K35: 0.0016494006 | L35: maybe | M35: LB_seagrass | N35: NA | O35: 0.63071711
A36: LB_seagrass | B36: pASV_00164 | C36: pantothenic acid | D36: 0.00042246285 | E36: 0.67391304 | F36: 0.031628451 | G36: 0.031628451 | H36: NA | I36: NA | J36: NA | K36: 0.00042246285 | L36: maybe | M36: LB_seagrass | N36: NA | O36: 0.67391304
A37: LB_seagrass | B37: pASV_00168 | C37: sn-glycerol 3-phosphate | D37: 9.307933e-05 | E37: -0.7243083 | F37: 0.014202576 | G37: 0.014202576 | H37: NA | I37: NA | J37: 9.307933e-05 | K37: 9.307933e-05 | L37: sig_q05 | M37: LB_seagrass | N37: NA | O37: -0.7243083
A38: LB_seagrass | B38: pASV_00215 | C38: ciliatine | D38: 0.00092880937 | E38: 0.64328063 | F38: 0.047017123 | G38: 0.047017123 | H38: NA | I38: NA | J38: NA | K38: 0.00092880937 | L38: maybe | M38: LB_seagrass | N38: NA | O38: 0.64328063
A39: LB_seagrass | B39: pASV_00215 | C39: kynurenine | D39: 0.00078411879 | E39: 0.66233766 | F39: 0.043849072 | G39: 0.043849072 | H39: NA | I39: NA | J39: NA | K39: 0.00078411879 | L39: maybe | M39: LB_seagrass | N39: NA | O39: 0.66233766
A40: LB_seagrass | B40: pASV_00215 | C40: pantothenic acid | D40: 1.0352344e-07 | E40: 0.86462451 | F40: 3.3677174e-05 | G40: 3.3677174e-05 | H40: NA | I40: 1.0352344e-07 | J40: 1.0352344e-07 | K40: 1.0352344e-07 | L40: sig_q025 | M40: LB_seagrass | N40: NA | O40: 0.86462451
A41: LB_seagrass | B41: pASV_00217 | C41: ciliatine | D41: 0.0017658182 | E41: -0.61561265 | F41: 0.066802967 | G41: NA | H41: NA | I41: NA | J41: NA | K41: 0.0017658182 | L41: maybe | M41: LB_seagrass | N41: NA | O41: -0.61561265
A42: LB_seagrass | B42: pASV_00217 | C42: sn-glycerol 3-phosphate | D42: 9.9360547e-05 | E42: -0.72233202 | F42: 0.01477406 | G42: 0.01477406 | H42: NA | I42: NA | J42: 9.9360547e-05 | K42: 9.9360547e-05 | L42: sig_q05 | M42: LB_seagrass | N42: NA | O42: -0.72233202
A43: LB_seagrass | B43: pASV_00219 | C43: homoserine betaine | D43: 0.00027524427 | E43: 0.80714286 | F43: 0.02505583 | G43: 0.02505583 | H43: NA | I43: NA | J43: 0.00027524427 | K43: 0.00027524427 | L43: sig_q05 | M43: LB_seagrass | N43: NA | O43: 0.80714286
A44: LB_seagrass | B44: pASV_00219 | C44: sn-glycerol 3-phosphate | D44: 0.00045770645 | E44: -0.67094862 | F44: 0.032522453 | G44: 0.032522453 | H44: NA | I44: NA | J44: NA | K44: 0.00045770645 | L44: maybe | M44: LB_seagrass | N44: NA | O44: -0.67094862
A45: LB_seagrass | B45: pASV_00227 | C45: ciliatine | D45: 0.0014134792 | E45: 0.62549407 | F45: 0.059087058 | G45: NA | H45: NA | I45: NA | J45: NA | K45: 0.0014134792 | L45: maybe | M45: LB_seagrass | N45: NA | O45: 0.62549407
A46: LB_seagrass | B46: pASV_00227 | C46: kynurenine | D46: 0.00046401723 | E46: 0.68266516 | F46: 0.032522453 | G46: 0.032522453 | H46: NA | I46: NA | J46: NA | K46: 0.00046401723 | L46: maybe | M46: LB_seagrass | N46: NA | O46: 0.68266516
A47: LB_seagrass | B47: pASV_00227 | C47: pantothenic acid | D47: 9.3416123e-06 | E47: 0.78458498 | F47: 0.0022255263 | G47: 0.0022255263 | H47: NA | I47: 9.3416123e-06 | J47: 9.3416123e-06 | K47: 9.3416123e-06 | L47: sig_q025 | M47: LB_seagrass | N47: NA | O47: 0.78458498
A48: LB_seagrass | B48: pASV_00229 | C48: pantothenic acid | D48: 1.5273355e-08 | E48: 0.88833992 | F48: 5.2908551e-06 | G48: 5.2908551e-06 | H48: NA | I48: 1.5273355e-08 | J48: 1.5273355e-08 | K48: 1.5273355e-08 | L48: sig_q025 | M48: LB_seagrass | N48: NA | O48: 0.88833992
A49: LB_seagrass | B49: pASV_00231 | C49: homoserine betaine | D49: 0.00038046768 | E49: -0.79642857 | F49: 0.0295637 | G49: 0.0295637 | H49: NA | I49: NA | J49: NA | K49: 0.00038046768 | L49: maybe | M49: LB_seagrass | N49: NA | O49: -0.79642857
A50: LB_seagrass | B50: pASV_00231 | C50: sn-glycerol 3-phosphate | D50: 0.0012610775 | E50: 0.63043478 | F50: 0.055506467 | G50: NA | H50: NA | I50: NA | J50: NA | K50: 0.0012610775 | L50: maybe | M50: LB_seagrass | N50: NA | O50: 0.63043478
A51: LB_seagrass | B51: pASV_00240 | C51: GABA | D51: 0.0012041719 | E51: -0.63241107 | F51: 0.053702548 | G51: NA | H51: NA | I51: NA | J51: NA | K51: 0.0012041719 | L51: maybe | M51: LB_seagrass | N51: NA | O51: -0.63241107
A52: LB_seagrass | B52: pASV_00240 | C52: sn-glycerol 3-phosphate | D52: 0.00025623819 | E52: -0.6916996 | F52: 0.024040877 | G52: 0.024040877 | H52: NA | I52: NA | J52: 0.00025623819 | K52: 0.00025623819 | L52: sig_q05 | M52: LB_seagrass | N52: NA | O52: -0.6916996
A53: LB_seagrass | B53: pASV_00243 | C53: ciliatine | D53: 0.00082270753 | E53: 0.64822134 | F53: 0.044757245 | G53: 0.044757245 | H53: NA | I53: NA | J53: NA | K53: 0.00082270753 | L53: maybe | M53: LB_seagrass | N53: NA | O53: 0.64822134
A54: LB_seagrass | B54: pASV_00243 | C54: kynurenine | D54: 0.00042349393 | E54: 0.68605308 | F54: 0.031668649 | G54: 0.031668649 | H54: NA | I54: NA | J54: NA | K54: 0.00042349393 | L54: maybe | M54: LB_seagrass | N54: NA | O54: 0.68605308
A55: LB_seagrass | B55: pASV_00243 | C55: pantothenic acid | D55: 1.1944761e-07 | E55: 0.86264822 | F55: 3.8274599e-05 | G55: 3.8274599e-05 | H55: NA | I55: 1.1944761e-07 | J55: 1.1944761e-07 | K55: 1.1944761e-07 | L55: sig_q025 | M55: LB_seagrass | N55: NA | O55: 0.86264822
A56: LB_seagrass | B56: pASV_00251 | C56: kynurenine | D56: 0.00092607481 | E56: 0.65556183 | F56: 0.046952872 | G56: 0.046952872 | H56: NA | I56: NA | J56: NA | K56: 0.00092607481 | L56: maybe | M56: LB_seagrass | N56: NA | O56: 0.65556183
A57: LB_seagrass | B57: pASV_00251 | C57: pantothenic acid | D57: 0.0012323443 | E57: 0.63142292 | F57: 0.054541447 | G57: NA | H57: NA | I57: NA | J57: NA | K57: 0.0012323443 | L57: maybe | M57: LB_seagrass | N57: NA | O57: 0.63142292
A58: LB_seagrass | B58: pASV_00256 | C58: homoserine betaine | D58: 0.00075687511 | E58: -0.77142857 | F58: 0.043115737 | G58: 0.043115737 | H58: NA | I58: NA | J58: NA | K58: 0.00075687511 | L58: maybe | M58: LB_seagrass | N58: NA | O58: -0.77142857
A59: LB_seagrass | B59: pASV_00256 | C59: sn-glycerol 3-phosphate | D59: 0.0011229313 | E59: 0.63537549 | F59: 0.051476522 | G59: NA | H59: NA | I59: NA | J59: NA | K59: 0.0011229313 | L59: maybe | M59: LB_seagrass | N59: NA | O59: 0.63537549
A60: LB_seagrass | B60: pASV_00260 | C60: kynurenine | D60: 0.00057172484 | E60: 0.67476002 | F60: 0.036566425 | G60: 0.036566425 | H60: NA | I60: NA | J60: NA | K60: 0.00057172484 | L60: maybe | M60: LB_seagrass | N60: NA | O60: 0.67476002
A61: LB_seagrass | B61: pASV_00260 | C61: pantothenic acid | D61: 0.00011304049 | E61: 0.71837945 | F61: 0.015646464 | G61: 0.015646464 | H61: NA | I61: NA | J61: 0.00011304049 | K61: 0.00011304049 | L61: sig_q05 | M61: LB_seagrass | N61: NA | O61: 0.71837945
A62: LB_seagrass | B62: pASV_00264 | C62: ciliatine | D62: 0.0015464516 | E62: 0.6215415 | F62: 0.062291575 | G62: NA | H62: NA | I62: NA | J62: NA | K62: 0.0015464516 | L62: maybe | M62: LB_seagrass | N62: NA | O62: 0.6215415
A63: LB_seagrass | B63: pASV_00264 | C63: kynurenine | D63: 0.00057172484 | E63: 0.67476002 | F63: 0.036566425 | G63: 0.036566425 | H63: NA | I63: NA | J63: NA | K63: 0.00057172484 | L63: maybe | M63: LB_seagrass | N63: NA | O63: 0.67476002
A64: LB_seagrass | B64: pASV_00264 | C64: pantothenic acid | D64: 2.7817398e-08 | E64: 0.88142292 | F64: 9.4824775e-06 | G64: 9.4824775e-06 | H64: NA | I64: 2.7817398e-08 | J64: 2.7817398e-08 | K64: 2.7817398e-08 | L64: sig_q025 | M64: LB_seagrass | N64: NA | O64: 0.88142292
A65: LB_seagrass | B65: pASV_00269 | C65: GABA | D65: 0.00070925869 | E65: 0.6541502 | F65: 0.041321411 | G65: 0.041321411 | H65: NA | I65: NA | J65: NA | K65: 0.00070925869 | L65: maybe | M65: LB_seagrass | N65: NA | O65: 0.6541502
A66: LB_seagrass | B66: pASV_00269 | C66: homoserine betaine | D66: 0.00068964539 | E66: -0.775 | F66: 0.040750126 | G66: 0.040750126 | H66: NA | I66: NA | J66: NA | K66: 0.00068964539 | L66: maybe | M66: LB_seagrass | N66: NA | O66: -0.775
A67: LB_seagrass | B67: pASV_00269 | C67: pantothenic acid | D67: 0.0016530409 | E67: 0.61857708 | F67: 0.064252866 | G67: NA | H67: NA | I67: NA | J67: NA | K67: 0.0016530409 | L67: maybe | M67: LB_seagrass | N67: NA | O67: 0.61857708
A68: LB_seagrass | B68: pASV_00269 | C68: sn-glycerol 3-phosphate | D68: 0.0010464228 | E68: 0.63833992 | F68: 0.049486894 | G68: 0.049486894 | H68: NA | I68: NA | J68: NA | K68: 0.0010464228 | L68: maybe | M68: LB_seagrass | N68: NA | O68: 0.63833992
A69: LB_seagrass | B69: pASV_00271 | C69: kynurenine | D69: 0.0004501548 | E69: 0.68379447 | F69: 0.032487185 | G69: 0.032487185 | H69: NA | I69: NA | J69: NA | K69: 0.0004501548 | L69: maybe | M69: LB_seagrass | N69: NA | O69: 0.68379447
A70: LB_seagrass | B70: pASV_00271 | C70: pantothenic acid | D70: 2.6957681e-05 | E70: 0.75889328 | F70: 0.0056457841 | G70: 0.0056457841 | H70: NA | I70: 2.6957681e-05 | J70: 2.6957681e-05 | K70: 2.6957681e-05 | L70: sig_q025 | M70: LB_seagrass | N70: NA | O70: 0.75889328
A71: LB_seagrass | B71: pASV_00277 | C71: kynurenine | D71: 0.00062406112 | E71: 0.67137211 | F71: 0.038528664 | G71: 0.038528664 | H71: NA | I71: NA | J71: NA | K71: 0.00062406112 | L71: maybe | M71: LB_seagrass | N71: NA | O71: 0.67137211
A72: LB_seagrass | B72: pASV_00277 | C72: pantothenic acid | D72: 0.00015945954 | E72: 0.70750988 | F72: 0.01880678 | G72: 0.01880678 | H72: NA | I72: NA | J72: 0.00015945954 | K72: 0.00015945954 | L72: sig_q05 | M72: LB_seagrass | N72: NA | O72: 0.70750988
A73: LB_seagrass | B73: pASV_00282 | C73: ciliatine | D73: 0.00070925869 | E73: 0.6541502 | F73: 0.041321411 | G73: 0.041321411 | H73: NA | I73: NA | J73: NA | K73: 0.00070925869 | L73: maybe | M73: LB_seagrass | N73: NA | O73: 0.6541502
A74: LB_seagrass | B74: pASV_00282 | C74: pantothenic acid | D74: 7.7233528e-08 | E74: 0.86857708 | F74: 2.5382502e-05 | G74: 2.5382502e-05 | H74: NA | I74: 7.7233528e-08 | J74: 7.7233528e-08 | K74: 7.7233528e-08 | L74: sig_q025 | M74: LB_seagrass | N74: NA | O74: 0.86857708
A75: LB_seagrass | B75: pASV_00300 | C75: ciliatine | D75: 0.00090669909 | E75: 0.64426877 | F75: 0.046368322 | G75: 0.046368322 | H75: NA | I75: NA | J75: NA | K75: 0.00090669909 | L75: maybe | M75: LB_seagrass | N75: NA | O75: 0.64426877
A76: LB_seagrass | B76: pASV_00300 | C76: kynurenine | D76: 0.00023068721 | E76: 0.70750988 | F76: 0.022849515 | G76: 0.022849515 | H76: NA | I76: NA | J76: 0.00023068721 | K76: 0.00023068721 | L76: sig_q05 | M76: LB_seagrass | N76: NA | O76: 0.70750988
A77: LB_seagrass | B77: pASV_00300 | C77: pantothenic acid | D77: 1.0754338e-06 | E77: 0.82806324 | F77: 0.00030905941 | G77: 0.00030905941 | H77: NA | I77: 1.0754338e-06 | J77: 1.0754338e-06 | K77: 1.0754338e-06 | L77: sig_q025 | M77: LB_seagrass | N77: NA | O77: 0.82806324
A78: LB_seagrass | B78: pASV_00307 | C78: ciliatine | D78: 0.00082270753 | E78: 0.64822134 | F78: 0.044757245 | G78: 0.044757245 | H78: NA | I78: NA | J78: NA | K78: 0.00082270753 | L78: maybe | M78: LB_seagrass | N78: NA | O78: 0.64822134
A79: LB_seagrass | B79: pASV_00307 | C79: glycine | D79: 0.0012041719 | E79: 0.63241107 | F79: 0.053702548 | G79: NA | H79: NA | I79: NA | J79: NA | K79: 0.0012041719 | L79: maybe | M79: LB_seagrass | N79: NA | O79: 0.63241107
A80: LB_seagrass | B80: pASV_00307 | C80: kynurenine | D80: 0.0017340773 | E80: 0.6284585 | F80: 0.065991732 | G80: NA | H80: NA | I80: NA | J80: NA | K80: 0.0017340773 | L80: maybe | M80: LB_seagrass | N80: NA | O80: 0.6284585
A81: LB_seagrass | B81: pASV_00307 | C81: tryptophan | D81: 0.0016494006 | E81: 0.63071711 | F81: 0.064218402 | G81: NA | H81: NA | I81: NA | J81: NA | K81: 0.0016494006 | L81: maybe | M81: LB_seagrass | N81: NA | O81: 0.63071711
A82: LB_seagrass | B82: pASV_00313 | C82: ciliatine | D82: 0.0001546463 | E82: 0.70849802 | F82: 0.018524603 | G82: 0.018524603 | H82: NA | I82: NA | J82: 0.0001546463 | K82: 0.0001546463 | L82: sig_q05 | M82: LB_seagrass | N82: NA | O82: 0.70849802
A83: LB_seagrass | B83: pASV_00313 | C83: GABA | D83: 0.00037913074 | E83: 0.67786561 | F83: 0.0295637 | G83: 0.0295637 | H83: NA | I83: NA | J83: NA | K83: 0.00037913074 | L83: maybe | M83: LB_seagrass | N83: NA | O83: 0.67786561
A84: LB_seagrass | B84: pASV_00313 | C84: pantothenic acid | D84: 4.204512e-07 | E84: 0.84387352 | F84: 0.00012532575 | G84: 0.00012532575 | H84: NA | I84: 4.204512e-07 | J84: 4.204512e-07 | K84: 4.204512e-07 | L84: sig_q025 | M84: LB_seagrass | N84: NA | O84: 0.84387352
A85: LB_seagrass | B85: pASV_00317 | C85: ciliatine | D85: 0.00053586219 | E85: 0.66501976 | F85: 0.035366904 | G85: 0.035366904 | H85: NA | I85: NA | J85: NA | K85: 0.00053586219 | L85: maybe | M85: LB_seagrass | N85: NA | O85: 0.66501976
A86: LB_seagrass | B86: pASV_00317 | C86: kynurenine | D86: 0.0012113881 | E86: 0.64426877 | F86: 0.053911819 | G86: NA | H86: NA | I86: NA | J86: NA | K86: 0.0012113881 | L86: maybe | M86: LB_seagrass | N86: NA | O86: 0.64426877
A87: LB_seagrass | B87: pASV_00317 | C87: pantothenic acid | D87: 1.6921401e-07 | E87: 0.85770751 | F87: 5.2387677e-05 | G87: 5.2387677e-05 | H87: NA | I87: 1.6921401e-07 | J87: 1.6921401e-07 | K87: 1.6921401e-07 | L87: sig_q025 | M87: LB_seagrass | N87: NA | O87: 0.85770751
A88: LB_seagrass | B88: pASV_00321 | C88: ciliatine | D88: 0.00028719625 | E88: 0.68774704 | F88: 0.025500472 | G88: 0.025500472 | H88: NA | I88: NA | J88: 0.00028719625 | K88: 0.00028719625 | L88: sig_q05 | M88: LB_seagrass | N88: NA | O88: 0.68774704
A89: LB_seagrass | B89: pASV_00321 | C89: cysteate | D89: 0.0016899317 | E89: 0.61758893 | F89: 0.064971684 | G89: NA | H89: NA | I89: NA | J89: NA | K89: 0.0016899317 | L89: maybe | M89: LB_seagrass | N89: NA | O89: 0.61758893
A90: LB_seagrass | B90: pASV_00321 | C90: GABA | D90: 0.00019695267 | E90: 0.70059289 | F90: 0.020862659 | G90: 0.020862659 | H90: NA | I90: NA | J90: 0.00019695267 | K90: 0.00019695267 | L90: sig_q05 | M90: LB_seagrass | N90: NA | O90: 0.70059289
A91: LB_seagrass | B91: pASV_00321 | C91: pantothenic acid | D91: 1.9453033e-06 | E91: 0.81719368 | F91: 0.00053968271 | G91: 0.00053968271 | H91: NA | I91: 1.9453033e-06 | J91: 1.9453033e-06 | K91: 1.9453033e-06 | L91: sig_q025 | M91: LB_seagrass | N91: NA | O91: 0.81719368
A92: LB_seagrass | B92: pASV_00323 | C92: ciliatine | D92: 0.00060951853 | E92: 0.66007905 | F92: 0.038034668 | G92: 0.038034668 | H92: NA | I92: NA | J92: NA | K92: 0.00060951853 | L92: maybe | M92: LB_seagrass | N92: NA | O92: 0.66007905
A93: LB_seagrass | B93: pASV_00323 | C93: cysteate | D93: 0.0017275206 | E93: 0.61660079 | F93: 0.065898743 | G93: NA | H93: NA | I93: NA | J93: NA | K93: 0.0017275206 | L93: maybe | M93: LB_seagrass | N93: NA | O93: 0.61660079
A94: LB_seagrass | B94: pASV_00323 | C94: GABA | D94: 0.00038958667 | E94: 0.67687747 | F94: 0.030026172 | G94: 0.030026172 | H94: NA | I94: NA | J94: NA | K94: 0.00038958667 | L94: maybe | M94: LB_seagrass | N94: NA | O94: 0.67687747
A95: LB_seagrass | B95: pASV_00323 | C95: homoserine betaine | D95: 0.00082932963 | E95: -0.76785714 | F95: 0.044775416 | G95: 0.044775416 | H95: NA | I95: NA | J95: NA | K95: 0.00082932963 | L95: maybe | M95: LB_seagrass | N95: NA | O95: -0.76785714
A96: LB_seagrass | B96: pASV_00323 | C96: pantothenic acid | D96: 1.207629e-05 | E96: 0.77865613 | F96: 0.0028245296 | G96: 0.0028245296 | H96: NA | I96: 1.207629e-05 | J96: 1.207629e-05 | K96: 1.207629e-05 | L96: sig_q025 | M96: LB_seagrass | N96: NA | O96: 0.77865613
A97: LB_seagrass | B97: pASV_00323 | C97: sn-glycerol 3-phosphate | D97: 0.0021442022 | E97: 0.60671937 | F97: 0.073561747 | G97: NA | H97: NA | I97: NA | J97: NA | K97: 0.0021442022 | L97: maybe | M97: LB_seagrass | N97: NA | O97: 0.60671937
A98: LB_seagrass | B98: pASV_00337 | C98: ciliatine | D98: 0.0014786922 | E98: 0.62351779 | F98: 0.06051307 | G98: NA | H98: NA | I98: NA | J98: NA | K98: 0.0014786922 | L98: maybe | M98: LB_seagrass | N98: NA | O98: 0.62351779
A99: LB_seagrass | B99: pASV_00337 | C99: kynurenine | D99: 0.00030957279 | E99: 0.69734613 | F99: 0.026665701 | G99: 0.026665701 | H99: NA | I99: NA | J99: NA | K99: 0.00030957279 | L99: maybe | M99: LB_seagrass | N99: NA | O99: 0.69734613
A100: LB_seagrass | B100: pASV_00337 | C100: pantothenic acid | D100: 2.0531636e-05 | E100: 0.76581028 | F100: 0.0044907524 | G100: 0.0044907524 | H100: NA | I100: 2.0531636e-05 | J100: 2.0531636e-05 | K100: 2.0531636e-05 | L100: sig_q025 | M100: LB_seagrass | N100: NA | O100: 0.76581028
A101: LB_seagrass | B101: pASV_00339 | C101: kynurenine | D101: 0.00055513722 | E101: 0.67588933 | F101: 0.036081667 | G101: 0.036081667 | H101: NA | I101: NA | J101: NA | K101: 0.00055513722 | L101: maybe | M101: LB_seagrass | N101: NA | O101: 0.67588933
A102: LB_seagrass | B102: pASV_00339 | C102: pantothenic acid | D102: 0.00021522873 | E102: 0.69762846 | F102: 0.021963612 | G102: 0.021963612 | H102: NA | I102: NA | J102: 0.00021522873 | K102: 0.00021522873 | L102: sig_q05 | M102: LB_seagrass | N102: NA | O102: 0.69762846
A103: LB_seagrass | B103: pASV_00341 | C103: ciliatine | D103: 0.00078327703 | E103: 0.65019763 | F103: 0.043849072 | G103: 0.043849072 | H103: NA | I103: NA | J103: NA | K103: 0.00078327703 | L103: maybe | M103: LB_seagrass | N103: NA | O103: 0.65019763
...

Sheet genus.site.time.filtered
A1: # These are results for correlating ASVs and metabolites in site- and time-specific groups.
P2: ='[1]rclr.padj_cutoff'!F5 -> LB_seagrass.dawn | Q2: ='[1]rclr.padj_cutoff'!G5 -> LB_seagrass.peak_photo | R2: ='[1]rclr.padj_cutoff'!H5 -> Tektite.dawn | S2: ='[1]rclr.padj_cutoff'!I5 -> Tektite.peak_photo | T2: ='[1]rclr.padj_cutoff'!J5 -> Yawzi.dawn | U2: ='[1]rclr.padj_cutoff'!K5 -> Yawzi.peak_photo
O3: ='[1]rclr.padj_cutoff'!L6 -> sig_q01 | P3: =padj_cutoff!B6 -> 0.000246448 | Q3: =padj_cutoff!B7 -> 0 | R3: =padj_cutoff!B8 -> 0 | S3: =padj_cutoff!B9 -> 0.0034288789 | T3: =padj_cutoff!B10 -> 0 | U3: =padj_cutoff!B11 -> 4.5090966e-05
O4: ='[1]rclr.padj_cutoff'!L7 -> sig_q025 | P4: =padj_cutoff!C6 -> 0.0021562814 | Q4: =padj_cutoff!C7 -> 0.00088821349 | R4: =padj_cutoff!C8 -> 0.00036306586 | S4: =padj_cutoff!C9 -> 0.010118391 | T4: =padj_cutoff!C10 -> 0.0079321831 | U4: =padj_cutoff!C11 -> 0.00091962593
O5: ='[1]rclr.padj_cutoff'!L8 -> sig_q05 | P5: =padj_cutoff!D6 -> 0.0080557351 | Q5: =padj_cutoff!D7 -> 0.004226414 | R5: =padj_cutoff!D8 -> 0.0014282106 | S5: =padj_cutoff!D9 -> 0.026369558 | T5: =padj_cutoff!D10 -> 0.026902417 | U5: =padj_cutoff!D11 -> 0.0032653336
O6: ='[1]rclr.padj_cutoff'!L9 -> maybe | P6: =padj_cutoff!E6 -> 0.026164521 | Q6: =padj_cutoff!E7 -> 0.013097076 | R6: =padj_cutoff!E8 -> 0.0038175164 | S6: =padj_cutoff!E9 -> 0.06978834 | T6: =padj_cutoff!E10 -> 0.060493174 | U6: =padj_cutoff!E11 -> 0.0089424468
A9: grouping | B9: asv_id | C9: simpleName | D9: p_value | E9: estimate | F9: padj_bh | G9: padj_bh_05 | H9: padj_01 | I9: padj_025 | J9: padj_05 | K9: padj_10 | L9: sig | M9: site | N9: sampling_time | O9: filtered_estimate
A10: LB_seagrass.dawn | B10: pASV_00001 | C10: ciliatine | D10: 0.016831456 | E10: -0.67132867 | F10: 0.25373696 | G10: NA | H10: NA | I10: NA | J10: NA | K10: 0.016831456 | L10: maybe | M10: LB_seagrass | N10: dawn | O10: -0.67132867
A11: LB_seagrass.dawn | B11: pASV_00001 | C11: sn-glycerol 3-phosphate | D11: 0.0092017798 | E11: -0.71328671 | F11: 0.20088471 | G11: NA | H11: NA | I11: NA | J11: NA | K11: 0.0092017798 | L11: maybe | M11: LB_seagrass | N11: dawn | O11: -0.71328671
A12: LB_seagrass.dawn | B12: pASV_00003 | C12: homoserine betaine | D12: 0.0031104283 | E12: 0.8 | F12: 0.13954929 | G12: NA | H12: NA | I12: NA | J12: 0.0031104283 | K12: 0.0031104283 | L12: sig_q05 | M12: LB_seagrass | N12: dawn | O12: 0.8
A13: LB_seagrass.dawn | B13: pASV_00003 | C13: sn-glycerol 3-phosphate | D13: 0.018452718 | E13: -0.66433566 | F13: 0.26141116 | G13: NA | H13: NA | I13: NA | J13: NA | K13: 0.018452718 | L13: maybe | M13: LB_seagrass | N13: dawn | O13: -0.66433566
A14: LB_seagrass.dawn | B14: pASV_00003 | C14: spermidine 3 | D14: 0.025984134 | E14: -0.66363636 | F14: 0.30036179 | G14: NA | H14: NA | I14: NA | J14: NA | K14: 0.025984134 | L14: maybe | M14: LB_seagrass | N14: dawn | O14: -0.66363636
A15: LB_seagrass.dawn | B15: pASV_00004 | C15: ciliatine | D15: 0.0065434901 | E15: -0.73426573 | F15: 0.17862835 | G15: NA | H15: NA | I15: NA | J15: 0.0065434901 | K15: 0.0065434901 | L15: sig_q05 | M15: LB_seagrass | N15: dawn | O15: -0.73426573
A16: LB_seagrass.dawn | B16: pASV_00004 | C16: sn-glycerol 3-phosphate | D16: 0.015317329 | E16: -0.67832168 | F16: 0.24762575 | G16: NA | H16: NA | I16: NA | J16: NA | K16: 0.015317329 | L16: maybe | M16: LB_seagrass | N16: dawn | O16: -0.67832168
A17: LB_seagrass.dawn | B17: pASV_00004 | C17: spermidine 3 | D17: 0.00061169385 | E17: -0.86363636 | F17: 0.052901974 | G17: NA | H17: NA | I17: 0.00061169385 | J17: 0.00061169385 | K17: 0.00061169385 | L17: sig_q025 | M17: LB_seagrass | N17: dawn | O17: -0.86363636
A18: LB_seagrass.dawn | B18: pASV_00006 | C18: homoserine betaine | D18: 0.014552052 | E18: 0.70909091 | F18: 0.24489661 | G18: NA | H18: NA | I18: NA | J18: NA | K18: 0.014552052 | L18: maybe | M18: LB_seagrass | N18: dawn | O18: 0.70909091
A19: LB_seagrass.dawn | B19: pASV_00006 | C19: sn-glycerol 3-phosphate | D19: 0.022034191 | E19: -0.65034965 | F19: 0.27881243 | G19: NA | H19: NA | I19: NA | J19: NA | K19: 0.022034191 | L19: maybe | M19: LB_seagrass | N19: dawn | O19: -0.65034965
A20: LB_seagrass.dawn | B20: pASV_00006 | C20: spermidine 3 | D20: 0.0084547289 | E20: -0.74545455 | F20: 0.19522723 | G20: NA | H20: NA | I20: NA | J20: NA | K20: 0.0084547289 | L20: maybe | M20: LB_seagrass | N20: dawn | O20: -0.74545455
A21: LB_seagrass.dawn | B21: pASV_00009 | C21: homoserine betaine | D21: 0.007282041 | E21: 0.75454545 | F21: 0.1856924 | G21: NA | H21: NA | I21: NA | J21: 0.007282041 | K21: 0.007282041 | L21: sig_q05 | M21: LB_seagrass | N21: dawn | O21: 0.75454545
A22: LB_seagrass.dawn | B22: pASV_00009 | C22: sn-glycerol 3-phosphate | D22: 0.020185499 | E22: -0.65734266 | F22: 0.2742902 | G22: NA | H22: NA | I22: NA | J22: NA | K22: 0.020185499 | L22: maybe | M22: LB_seagrass | N22: dawn | O22: -0.65734266
A23: LB_seagrass.dawn | B23: pASV_00009 | C23: spermidine 3 | D23: 0.020842854 | E23: -0.68181818 | F23: 0.27575568 | G23: NA | H23: NA | I23: NA | J23: NA | K23: 0.020842854 | L23: maybe | M23: LB_seagrass | N23: dawn | O23: -0.68181818
A24: LB_seagrass.dawn | B24: pASV_00014 | C24: ciliatine | D24: 0.0065434901 | E24: -0.73426573 | F24: 0.17862835 | G24: NA | H24: NA | I24: NA | J24: 0.0065434901 | K24: 0.0065434901 | L24: sig_q05 | M24: LB_seagrass | N24: dawn | O24: -0.73426573
A25: LB_seagrass.dawn | B25: pASV_00014 | C25: sn-glycerol 3-phosphate | D25: 0.015317329 | E25: -0.67832168 | F25: 0.24762575 | G25: NA | H25: NA | I25: NA | J25: NA | K25: 0.015317329 | L25: maybe | M25: LB_seagrass | N25: dawn | O25: -0.67832168
A26: LB_seagrass.dawn | B26: pASV_00014 | C26: spermidine 3 | D26: 0.00061169385 | E26: -0.86363636 | F26: 0.052901974 | G26: NA | H26: NA | I26: 0.00061169385 | J26: 0.00061169385 | K26: 0.00061169385 | L26: sig_q025 | M26: LB_seagrass | N26: dawn | O26: -0.86363636
A27: LB_seagrass.dawn | B27: pASV_00019 | C27: ciliatine | D27: 0.0045084355 | E27: -0.75524476 | F27: 0.15940045 | G27: NA | H27: NA | I27: NA | J27: 0.0045084355 | K27: 0.0045084355 | L27: sig_q05 | M27: LB_seagrass | N27: dawn | O27: -0.75524476
A28: LB_seagrass.dawn | B28: pASV_00019 | C28: sn-glycerol 3-phosphate | D28: 0.022034191 | E28: -0.65034965 | F28: 0.27881243 | G28: NA | H28: NA | I28: NA | J28: NA | K28: 0.022034191 | L28: maybe | M28: LB_seagrass | N28: dawn | O28: -0.65034965
A29: LB_seagrass.dawn | B29: pASV_00019 | C29: spermidine 3 | D29: 0.0003301688 | E29: -0.88181818 | F29: 0.031946787 | G29: 0.031946787 | H29: NA | I29: 0.0003301688 | J29: 0.0003301688 | K29: 0.0003301688 | L29: sig_q025 | M29: LB_seagrass | N29: dawn | O29: -0.88181818
A30: LB_seagrass.dawn | B30: pASV_00021 | C30: ciliatine | D30: 0.026096891 | E30: -0.63636364 | F30: 0.30036179 | G30: NA | H30: NA | I30: NA | J30: NA | K30: 0.026096891 | L30: maybe | M30: LB_seagrass | N30: dawn | O30: -0.63636364
A31: LB_seagrass.dawn | B31: pASV_00021 | C31: sn-glycerol 3-phosphate | D31: 0.0073550289 | E31: -0.72727273 | F31: 0.1856924 | G31: NA | H31: NA | I31: NA | J31: 0.0073550289 | K31: 0.0073550289 | L31: sig_q05 | M31: LB_seagrass | N31: dawn | O31: -0.72727273
A32: LB_seagrass.dawn | B32: pASV_00021 | C32: spermidine 3 | D32: 0.0013331851 | E32: -0.83636364 | F32: 0.090894889 | G32: NA | H32: NA | I32: 0.0013331851 | J32: 0.0013331851 | K32: 0.0013331851 | L32: sig_q025 | M32: LB_seagrass | N32: dawn | O32: -0.83636364
A33: LB_seagrass.dawn | B33: pASV_00028 | C33: homoserine betaine | D33: 0.0003301688 | E33: -0.88181818 | F33: 0.031946787 | G33: 0.031946787 | H33: NA | I33: 0.0003301688 | J33: 0.0003301688 | K33: 0.0003301688 | L33: sig_q025 | M33: LB_seagrass | N33: dawn | O33: -0.88181818
A34: LB_seagrass.dawn | B34: pASV_00028 | C34: tryptophan | D34: 0.018452718 | E34: -0.66433566 | F34: 0.26141116 | G34: NA | H34: NA | I34: NA | J34: NA | K34: 0.018452718 | L34: maybe | M34: LB_seagrass | N34: dawn | O34: -0.66433566
A35: LB_seagrass.dawn | B35: pASV_00036 | C35: ciliatine | D35: 0.0092017798 | E35: -0.71328671 | F35: 0.20088471 | G35: NA | H35: NA | I35: NA | J35: NA | K35: 0.0092017798 | L35: maybe | M35: LB_seagrass | N35: dawn | O35: -0.71328671
A36: LB_seagrass.dawn | B36: pASV_00036 | C36: sn-glycerol 3-phosphate | D36: 0.0045084355 | E36: -0.75524476 | F36: 0.15940045 | G36: NA | H36: NA | I36: NA | J36: 0.0045084355 | K36: 0.0045084355 | L36: sig_q05 | M36: LB_seagrass | N36: dawn | O36: -0.75524476
A37: LB_seagrass.dawn | B37: pASV_00036 | C37: spermidine 3 | D37: 0.00061169385 | E37: -0.86363636 | F37: 0.052901974 | G37: NA | H37: NA | I37: 0.00061169385 | J37: 0.00061169385 | K37: 0.00061169385 | L37: sig_q025 | M37: LB_seagrass | N37: dawn | O37: -0.86363636
A38: LB_seagrass.dawn | B38: pASV_00038 | C38: homoserine betaine | D38: 0.0052994872 | E38: 0.77272727 | F38: 0.16855382 | G38: NA | H38: NA | I38: NA | J38: 0.0052994872 | K38: 0.0052994872 | L38: sig_q05 | M38: LB_seagrass | N38: dawn | O38: 0.77272727
A39: LB_seagrass.dawn | B39: pASV_00038 | C39: putrescine 2 | D39: 0.00086296818 | E39: -0.92857143 | F39: 0.070578759 | G39: NA | H39: NA | I39: 0.00086296818 | J39: 0.00086296818 | K39: 0.00086296818 | L39: sig_q025 | M39: LB_seagrass | N39: dawn | O39: -0.92857143
A40: LB_seagrass.dawn | B40: pASV_00045 | C40: homoserine betaine | D40: 0.014552052 | E40: 0.70909091 | F40: 0.24489661 | G40: NA | H40: NA | I40: NA | J40: NA | K40: 0.014552052 | L40: maybe | M40: LB_seagrass | N40: dawn | O40: 0.70909091
A41: LB_seagrass.dawn | B41: pASV_00045 | C41: putrescine 2 | D41: 0.0065300173 | E41: -0.85714286 | F41: 0.17862835 | G41: NA | H41: NA | I41: NA | J41: 0.0065300173 | K41: 0.0065300173 | L41: sig_q05 | M41: LB_seagrass | N41: dawn | O41: -0.85714286
A42: LB_seagrass.dawn | B42: pASV_00058 | C42: pantothenic acid | D42: 0.0082397687 | E42: 0.72027972 | F42: 0.19522723 | G42: NA | H42: NA | I42: NA | J42: NA | K42: 0.0082397687 | L42: maybe | M42: LB_seagrass | N42: dawn | O42: 0.72027972
A43: LB_seagrass.dawn | B43: pASV_00059 | C43: homoserine betaine | D43: 0.00045461505 | E43: 0.87272727 | F43: 0.04073264 | G43: 0.04073264 | H43: NA | I43: 0.00045461505 | J43: 0.00045461505 | K43: 0.00045461505 | L43: sig_q025 | M43: LB_seagrass | N43: dawn | O43: 0.87272727
A44: LB_seagrass.dawn | B44: pASV_00059 | C44: sn-glycerol 3-phosphate | D44: 0.015317329 | E44: -0.67832168 | F44: 0.24762575 | G44: NA | H44: NA | I44: NA | J44: NA | K44: 0.015317329 | L44: maybe | M44: LB_seagrass | N44: dawn | O44: -0.67832168
A45: LB_seagrass.dawn | B45: pASV_00060 | C45: putrescine 2 | D45: 0.020815127 | E45: -0.78571429 | F45: 0.27575568 | G45: NA | H45: NA | I45: NA | J45: NA | K45: 0.020815127 | L45: maybe | M45: LB_seagrass | N45: dawn | O45: -0.78571429
A46: LB_seagrass.dawn | B46: pASV_00060 | C46: tryptophan | D46: 0.024003191 | E46: 0.64335664 | F46: 0.29185573 | G46: NA | H46: NA | I46: NA | J46: NA | K46: 0.024003191 | L46: maybe | M46: LB_seagrass | N46: dawn | O46: 0.64335664
A47: LB_seagrass.dawn | B47: pASV_00064 | C47: homoserine betaine | D47: 0.0013331851 | E47: 0.83636364 | F47: 0.090894889 | G47: NA | H47: NA | I47: 0.0013331851 | J47: 0.0013331851 | K47: 0.0013331851 | L47: sig_q025 | M47: LB_seagrass | N47: dawn | O47: 0.83636364
A48: LB_seagrass.dawn | B48: pASV_00064 | C48: sn-glycerol 3-phosphate | D48: 0.010245194 | E48: -0.70629371 | F48: 0.20923291 | G48: NA | H48: NA | I48: NA | J48: NA | K48: 0.010245194 | L48: maybe | M48: LB_seagrass | N48: dawn | O48: -0.70629371
A49: LB_seagrass.dawn | B49: pASV_00066 | C49: homoserine betaine | D49: 0.00080667415 | E49: 0.85454545 | F49: 0.066107706 | G49: NA | H49: NA | I49: 0.00080667415 | J49: 0.00080667415 | K49: 0.00080667415 | L49: sig_q025 | M49: LB_seagrass | N49: dawn | O49: 0.85454545
A50: LB_seagrass.dawn | B50: pASV_00066 | C50: sn-glycerol 3-phosphate | D50: 0.022034191 | E50: -0.65034965 | F50: 0.27881243 | G50: NA | H50: NA | I50: NA | J50: NA | K50: 0.022034191 | L50: maybe | M50: LB_seagrass | N50: dawn | O50: -0.65034965
A51: LB_seagrass.dawn | B51: pASV_00092 | C51: homoserine betaine | D51: 0.0020831448 | E51: -0.81818182 | F51: 0.11375949 | G51: NA | H51: NA | I51: 0.0020831448 | J51: 0.0020831448 | K51: 0.0020831448 | L51: sig_q025 | M51: LB_seagrass | N51: dawn | O51: -0.81818182
A52: LB_seagrass.dawn | B52: pASV_00092 | C52: tryptophan | D52: 0.024003191 | E52: -0.64335664 | F52: 0.29185573 | G52: NA | H52: NA | I52: NA | J52: NA | K52: 0.024003191 | L52: maybe | M52: LB_seagrass | N52: dawn | O52: -0.64335664
A53: LB_seagrass.dawn | B53: pASV_00094 | C53: homoserine betaine | D53: 0.0084547289 | E53: 0.74545455 | F53: 0.19522723 | G53: NA | H53: NA | I53: NA | J53: NA | K53: 0.0084547289 | L53: maybe | M53: LB_seagrass | N53: dawn | O53: 0.74545455
A54: LB_seagrass.dawn | B54: pASV_00094 | C54: putrescine 2 | D54: 0.01017554 | E54: -0.83333333 | F54: 0.20923291 | G54: NA | H54: NA | I54: NA | J54: NA | K54: 0.01017554 | L54: maybe | M54: LB_seagrass | N54: dawn | O54: -0.83333333
A55: LB_seagrass.dawn | B55: pASV_00094 | C55: spermidine 3 | D55: 0.02331304 | E55: -0.67272727 | F55: 0.29053265 | G55: NA | H55: NA | I55: NA | J55: NA | K55: 0.02331304 | L55: maybe | M55: LB_seagrass | N55: dawn | O55: -0.67272727
A56: LB_seagrass.dawn | B56: pASV_00097 | C56: homoserine betaine | D56: 0.011204967 | E56: 0.72727273 | F56: 0.21523959 | G56: NA | H56: NA | I56: NA | J56: NA | K56: 0.011204967 | L56: maybe | M56: LB_seagrass | N56: dawn | O56: 0.72727273
A57: LB_seagrass.dawn | B57: pASV_00097 | C57: putrescine 2 | D57: 0.020815127 | E57: -0.78571429 | F57: 0.27575568 | G57: NA | H57: NA | I57: NA | J57: NA | K57: 0.020815127 | L57: maybe | M57: LB_seagrass | N57: dawn | O57: -0.78571429
A58: LB_seagrass.dawn | B58: pASV_00097 | C58: tryptophan | D58: 0.024003191 | E58: 0.64335664 | F58: 0.29185573 | G58: NA | H58: NA | I58: NA | J58: NA | K58: 0.024003191 | L58: maybe | M58: LB_seagrass | N58: dawn | O58: 0.64335664
A59: LB_seagrass.dawn | B59: pASV_00105 | C59: homoserine betaine | D59: 0.012799598 | E59: 0.71818182 | F59: 0.22815691 | G59: NA | H59: NA | I59: NA | J59: NA | K59: 0.012799598 | L59: maybe | M59: LB_seagrass | N59: dawn | O59: 0.71818182
A60: LB_seagrass.dawn | B60: pASV_00105 | C60: putrescine 2 | D60: 0.0038503205 | E60: -0.88095238 | F60: 0.15096509 | G60: NA | H60: NA | I60: NA | J60: 0.0038503205 | K60: 0.0038503205 | L60: sig_q05 | M60: LB_seagrass | N60: dawn | O60: -0.88095238
A61: LB_seagrass.dawn | B61: pASV_00105 | C61: tryptophan | D61: 0.011374199 | E61: 0.6993007 | F61: 0.21523959 | G61: NA | H61: NA | I61: NA | J61: NA | K61: 0.011374199 | L61: maybe | M61: LB_seagrass | N61: dawn | O61: 0.6993007
A62: LB_seagrass.dawn | B62: pASV_00111 | C62: homoserine betaine | D62: 0.012799598 | E62: 0.71818182 | F62: 0.22815691 | G62: NA | H62: NA | I62: NA | J62: NA | K62: 0.012799598 | L62: maybe | M62: LB_seagrass | N62: dawn | O62: 0.71818182
A63: LB_seagrass.dawn | B63: pASV_00111 | C63: putrescine 2 | D63: 0.020815127 | E63: -0.78571429 | F63: 0.27575568 | G63: NA | H63: NA | I63: NA | J63: NA | K63: 0.020815127 | L63: maybe | M63: LB_seagrass | N63: dawn | O63: -0.78571429
A64: LB_seagrass.dawn | B64: pASV_00111 | C64: tryptophan | D64: 0.010245194 | E64: 0.70629371 | F64: 0.20923291 | G64: NA | H64: NA | I64: NA | J64: NA | K64: 0.010245194 | L64: maybe | M64: LB_seagrass | N64: dawn | O64: 0.70629371
A65: LB_seagrass.dawn | B65: pASV_00124 | C65: homoserine betaine | D65: 3.9737743e-05 | E65: 0.92727273 | F65: 0.004349856 | G65: 0.004349856 | H65: 3.9737743e-05 | I65: 3.9737743e-05 | J65: 3.9737743e-05 | K65: 3.9737743e-05 | L65: sig_q01 | M65: LB_seagrass | N65: dawn | O65: 0.92727273
A66: LB_seagrass.dawn | B66: pASV_00124 | C66: putrescine 2 | D66: 0.014902668 | E66: -0.80952381 | F66: 0.24762575 | G66: NA | H66: NA | I66: NA | J66: NA | K66: 0.014902668 | L66: maybe | M66: LB_seagrass | N66: dawn | O66: -0.80952381
A67: LB_seagrass.dawn | B67: pASV_00124 | C67: tryptophan | D67: 0.0045084355 | E67: 0.75524476 | F67: 0.15940045 | G67: NA | H67: NA | I67: NA | J67: 0.0045084355 | K67: 0.0045084355 | L67: sig_q05 | M67: LB_seagrass | N67: dawn | O67: 0.75524476
A68: LB_seagrass.dawn | B68: pASV_00131 | C68: pantothenic acid | D68: 0.022034191 | E68: 0.65034965 | F68: 0.27881243 | G68: NA | H68: NA | I68: NA | J68: NA | K68: 0.022034191 | L68: maybe | M68: LB_seagrass | N68: dawn | O68: 0.65034965
A69: LB_seagrass.dawn | B69: pASV_00147 | C69: pantothenic acid | D69: 0.0058011505 | E69: 0.74125874 | F69: 0.17488497 | G69: NA | H69: NA | I69: NA | J69: 0.0058011505 | K69: 0.0058011505 | L69: sig_q05 | M69: LB_seagrass | N69: dawn | O69: 0.74125874
A70: LB_seagrass.dawn | B70: pASV_00164 | C70: homoserine betaine | D70: 0.00061169385 | E70: 0.86363636 | F70: 0.052901974 | G70: NA | H70: NA | I70: 0.00061169385 | J70: 0.00061169385 | K70: 0.00061169385 | L70: sig_q025 | M70: LB_seagrass | N70: dawn | O70: 0.86363636
A71: LB_seagrass.dawn | B71: pASV_00164 | C71: putrescine 2 | D71: 0.0065300173 | E71: -0.85714286 | F71: 0.17862835 | G71: NA | H71: NA | I71: NA | J71: 0.0065300173 | K71: 0.0065300173 | L71: sig_q05 | M71: LB_seagrass | N71: dawn | O71: -0.85714286
A72: LB_seagrass.dawn | B72: pASV_00164 | C72: tryptophan | D72: 0.0034464503 | E72: 0.76923077 | F72: 0.14183952 | G72: NA | H72: NA | I72: NA | J72: 0.0034464503 | K72: 0.0034464503 | L72: sig_q05 | M72: LB_seagrass | N72: dawn | O72: 0.76923077
A73: LB_seagrass.dawn | B73: pASV_00168 | C73: homoserine betaine | D73: 0.00045461505 | E73: 0.87272727 | F73: 0.04073264 | G73: 0.04073264 | H73: NA | I73: 0.00045461505 | J73: 0.00045461505 | K73: 0.00045461505 | L73: sig_q025 | M73: LB_seagrass | N73: dawn | O73: 0.87272727
A74: LB_seagrass.dawn | B74: pASV_00168 | C74: sn-glycerol 3-phosphate | D74: 0.013905969 | E74: -0.68531469 | F74: 0.23836598 | G74: NA | H74: NA | I74: NA | J74: NA | K74: 0.013905969 | L74: maybe | M74: LB_seagrass | N74: dawn | O74: -0.68531469
A75: LB_seagrass.dawn | B75: pASV_00191 | C75: homoserine betaine | D75: 4.9888987e-06 | E75: 0.95454545 | F75: 0.00055355894 | G75: 0.00055355894 | H75: 4.9888987e-06 | I75: 4.9888987e-06 | J75: 4.9888987e-06 | K75: 4.9888987e-06 | L75: sig_q01 | M75: LB_seagrass | N75: dawn | O75: 0.95454545
A76: LB_seagrass.dawn | B76: pASV_00191 | C76: tryptophan | D76: 0.010245194 | E76: 0.70629371 | F76: 0.20923291 | G76: NA | H76: NA | I76: NA | J76: NA | K76: 0.010245194 | L76: maybe | M76: LB_seagrass | N76: dawn | O76: 0.70629371
A77: LB_seagrass.dawn | B77: pASV_00217 | C77: ciliatine | D77: 0.024003191 | E77: -0.64335664 | F77: 0.29185573 | G77: NA | H77: NA | I77: NA | J77: NA | K77: 0.024003191 | L77: maybe | M77: LB_seagrass | N77: dawn | O77: -0.64335664
A78: LB_seagrass.dawn | B78: pASV_00217 | C78: sn-glycerol 3-phosphate | D78: 0.0025862148 | E78: -0.78321678 | F78: 0.12450485 | G78: NA | H78: NA | I78: NA | J78: 0.0025862148 | K78: 0.0025862148 | L78: sig_q05 | M78: LB_seagrass | N78: dawn | O78: -0.78321678
A79: LB_seagrass.dawn | B79: pASV_00217 | C79: spermidine 3 | D79: 0.0031104283 | E79: -0.8 | F79: 0.13954929 | G79: NA | H79: NA | I79: NA | J79: 0.0031104283 | K79: 0.0031104283 | L79: sig_q05 | M79: LB_seagrass | N79: dawn | O79: -0.8
A80: LB_seagrass.dawn | B80: pASV_00219 | C80: homoserine betaine | D80: 6.6614519e-05 | E80: 0.91818182 | F80: 0.0070944754 | G80: 0.0070944754 | H80: 6.6614519e-05 | I80: 6.6614519e-05 | J80: 6.6614519e-05 | K80: 6.6614519e-05 | L80: sig_q01 | M80: LB_seagrass | N80: dawn | O80: 0.91818182
A81: LB_seagrass.dawn | B81: pASV_00219 | C81: tryptophan | D81: 0.010245194 | E81: 0.70629371 | F81: 0.20923291 | G81: NA | H81: NA | I81: NA | J81: NA | K81: 0.010245194 | L81: maybe | M81: LB_seagrass | N81: dawn | O81: 0.70629371
A82: LB_seagrass.dawn | B82: pASV_00227 | C82: homoserine betaine | D82: 0.011204967 | E82: 0.72727273 | F82: 0.21523959 | G82: NA | H82: NA | I82: NA | J82: NA | K82: 0.011204967 | L82: maybe | M82: LB_seagrass | N82: dawn | O82: 0.72727273
A83: LB_seagrass.dawn | B83: pASV_00227 | C83: putrescine 2 | D83: 0.020815127 | E83: -0.78571429 | F83: 0.27575568 | G83: NA | H83: NA | I83: NA | J83: NA | K83: 0.020815127 | L83: maybe | M83: LB_seagrass | N83: dawn | O83: -0.78571429
A84: LB_seagrass.dawn | B84: pASV_00227 | C84: tryptophan | D84: 0.013905969 | E84: 0.68531469 | F84: 0.23836598 | G84: NA | H84: NA | I84: NA | J84: NA | K84: 0.013905969 | L84: maybe | M84: LB_seagrass | N84: dawn | O84: 0.68531469
A85: LB_seagrass.dawn | B85: pASV_00229 | C85: pantothenic acid | D85: 0.0051240817 | E85: 0.74825175 | F85: 0.16622663 | G85: NA | H85: NA | I85: NA | J85: 0.0051240817 | K85: 0.0051240817 | L85: sig_q05 | M85: LB_seagrass | N85: dawn | O85: 0.74825175
A86: LB_seagrass.dawn | B86: pASV_00231 | C86: homoserine betaine | D86: 0.0003301688 | E86: -0.88181818 | F86: 0.031946787 | G86: 0.031946787 | H86: NA | I86: 0.0003301688 | J86: 0.0003301688 | K86: 0.0003301688 | L86: sig_q025 | M86: LB_seagrass | N86: dawn | O86: -0.88181818
A87: LB_seagrass.dawn | B87: pASV_00231 | C87: tryptophan | D87: 0.018452718 | E87: -0.66433566 | F87: 0.26141116 | G87: NA | H87: NA | I87: NA | J87: NA | K87: 0.018452718 | L87: maybe | M87: LB_seagrass | N87: dawn | O87: -0.66433566
A88: LB_seagrass.dawn | B88: pASV_00251 | C88: homoserine betaine | D88: 0.00010559338 | E88: 0.90909091 | F88: 0.011196846 | G88: 0.011196846 | H88: 0.00010559338 | I88: 0.00010559338 | J88: 0.00010559338 | K88: 0.00010559338 | L88: sig_q01 | M88: LB_seagrass | N88: dawn | O88: 0.90909091
A89: LB_seagrass.dawn | B89: pASV_00251 | C89: putrescine 2 | D89: 0.014902668 | E89: -0.80952381 | F89: 0.24762575 | G89: NA | H89: NA | I89: NA | J89: NA | K89: 0.014902668 | L89: maybe | M89: LB_seagrass | N89: dawn | O89: -0.80952381
A90: LB_seagrass.dawn | B90: pASV_00251 | C90: tryptophan | D90: 0.0025862148 | E90: 0.78321678 | F90: 0.12450485 | G90: NA | H90: NA | I90: NA | J90: 0.0025862148 | K90: 0.0025862148 | L90: sig_q05 | M90: LB_seagrass | N90: dawn | O90: 0.78321678
A91: LB_seagrass.dawn | B91: pASV_00256 | C91: homoserine betaine | D91: 0.0010451821 | E91: -0.84545455 | F91: 0.077905041 | G91: NA | H91: NA | I91: 0.0010451821 | J91: 0.0010451821 | K91: 0.0010451821 | L91: sig_q025 | M91: LB_seagrass | N91: dawn | O91: -0.84545455
A92: LB_seagrass.dawn | B92: pASV_00260 | C92: homoserine betaine | D92: 0.0031104283 | E92: 0.8 | F92: 0.13954929 | G92: NA | H92: NA | I92: NA | J92: 0.0031104283 | K92: 0.0031104283 | L92: sig_q05 | M92: LB_seagrass | N92: dawn | O92: 0.8
A93: LB_seagrass.dawn | B93: pASV_00260 | C93: putrescine 2 | D93: 0.01017554 | E93: -0.83333333 | F93: 0.20923291 | G93: NA | H93: NA | I93: NA | J93: NA | K93: 0.01017554 | L93: maybe | M93: LB_seagrass | N93: dawn | O93: -0.83333333
A94: LB_seagrass.dawn | B94: pASV_00260 | C94: tryptophan | D94: 0.0034464503 | E94: 0.76923077 | F94: 0.14183952 | G94: NA | H94: NA | I94: NA | J94: 0.0034464503 | K94: 0.0034464503 | L94: sig_q05 | M94: LB_seagrass | N94: dawn | O94: 0.76923077
A95: LB_seagrass.dawn | B95: pASV_00264 | C95: pantothenic acid | D95: 0.020185499 | E95: 0.65734266 | F95: 0.2742902 | G95: NA | H95: NA | I95: NA | J95: NA | K95: 0.020185499 | L95: maybe | M95: LB_seagrass | N95: dawn | O95: 0.65734266
A96: LB_seagrass.dawn | B96: pASV_00269 | C96: homoserine betaine | D96: 0.0010451821 | E96: -0.84545455 | F96: 0.077905041 | G96: NA | H96: NA | I96: 0.0010451821 | J96: 0.0010451821 | K96: 0.0010451821 | L96: sig_q025 | M96: LB_seagrass | N96: dawn | O96: -0.84545455
A97: LB_seagrass.dawn | B97: pASV_00269 | C97: sn-glycerol 3-phosphate | D97: 0.015317329 | E97: 0.67832168 | F97: 0.24762575 | G97: NA | H97: NA | I97: NA | J97: NA | K97: 0.015317329 | L97: maybe | M97: LB_seagrass | N97: dawn | O97: 0.67832168
A98: LB_seagrass.dawn | B98: pASV_00271 | C98: homoserine betaine | D98: 0.012799598 | E98: 0.71818182 | F98: 0.22815691 | G98: NA | H98: NA | I98: NA | J98: NA | K98: 0.012799598 | L98: maybe | M98: LB_seagrass | N98: dawn | O98: 0.71818182
A99: LB_seagrass.dawn | B99: pASV_00271 | C99: putrescine 2 | D99: 0.0038503205 | E99: -0.88095238 | F99: 0.15096509 | G99: NA | H99: NA | I99: NA | J99: 0.0038503205 | K99: 0.0038503205 | L99: sig_q05 | M99: LB_seagrass | N99: dawn | O99: -0.88095238
A100: LB_seagrass.dawn | B100: pASV_00271 | C100: tryptophan | D100: 0.011374199 | E100: 0.6993007 | F100: 0.21523959 | G100: NA | H100: NA | I100: NA | J100: NA | K100: 0.011374199 | L100: maybe | M100: LB_seagrass | N100: dawn | O100: 0.6993007
A101: LB_seagrass.dawn | B101: pASV_00277 | C101: homoserine betaine | D101: 0.0010451821 | E101: 0.84545455 | F101: 0.077905041 | G101: NA | H101: NA | I101: 0.0010451821 | J101: 0.0010451821 | K101: 0.0010451821 | L101: sig_q025 | M101: LB_seagrass | N101: dawn | O101: 0.84545455
A102: LB_seagrass.dawn | B102: pASV_00277 | C102: putrescine 2 | D102: 0.0065300173 | E102: -0.85714286 | F102: 0.17862835 | G102: NA | H102: NA | I102: NA | J102: 0.0065300173 | K102: 0.0065300173 | L102: sig_q05 | M102: LB_seagrass | N102: dawn | O102: -0.85714286
...

Sheet padj_cutoff
A1: model | B1: q_01 | C1: q_025 | D1: q_05 | E1: q_10
A2: all | B2: 5.6493385e-16 | C2: 1.7682804e-12 | D2: 2.0329244e-09 | E2: 2.0137686e-07
A3: LB_seagrass | B3: 0 | C3: 2.9407095e-05 | D3: 0.00030106828 | E3: 0.0022248796
A4: Tektite | B4: 0.00096589396 | C4: 0.0038469109 | D4: 0.010428926 | E4: 0.02252824
A5: Yawzi | B5: 0.00020070451 | C5: 0.0007932035 | D5: 0.0027013187 | E5: 0.0098397506
A6: LB_seagrass.dawn | B6: 0.000246448 | C6: 0.0021562814 | D6: 0.0080557351 | E6: 0.026164521
A7: LB_seagrass.peak_photo | B7: 0 | C7: 0.00088821349 | D7: 0.004226414 | E7: 0.013097076
A8: Tektite.dawn | B8: 0 | C8: 0.00036306586 | D8: 0.0014282106 | E8: 0.0038175164
A9: Tektite.peak_photo | B9: 0.0034288789 | C9: 0.010118391 | D9: 0.026369558 | E9: 0.06978834
A10: Yawzi.dawn | B10: 0 | C10: 0.0079321831 | D10: 0.026902417 | E10: 0.060493174
A11: Yawzi.peak_photo | B11: 4.5090966e-05 | C11: 0.00091962593 | D11: 0.0032653336 | E11: 0.0089424468
